,date,p_comp
0,10,-0.802
1,10,-0.802
2,10,0.8442
3,10,0.4019
4,10,-0.4019
5,10,0.7845
6,10,0.0
7,10,0.658
8,10,0.7906
9,10,-0.91
10,10,0.4215
11,10,0.4588
12,10,-0.6478
13,10,0.4939
14,10,0.923
15,10,0.7463
16,10,0.0
17,10,-0.7351
18,10,0.0
19,10,0.4215
20,10,0.8478
21,10,-0.5423
22,10,-0.3164
23,10,0.4404
24,10,-0.4019
25,10,0.8074
26,10,-0.875
27,10,0.7003
28,10,0.5255
29,10,0.3612
30,10,0.9067
31,10,-0.3612
32,10,0.25
33,10,0.0
34,10,-0.0258
35,10,-0.1779
36,10,-0.9673
37,10,0.7906
38,10,0.8979
39,10,-0.6124
40,10,0.3818
41,10,0.805
42,10,0.0
43,10,0.4767
44,10,0.8074
45,10,0.8481
46,10,0.6124
47,10,-0.6908
48,10,-0.7783
49,10,0.5994
50,10,-0.4898
51,10,-0.3182
52,10,0.4215
53,10,0.3987
54,10,0.0516
55,10,0.6124
56,10,0.7901
57,10,0.296
58,10,-0.4019
59,10,0.5719
60,10,0.3818
61,10,0.1779
62,10,0.3182
63,10,0.9714
64,10,0.6808
65,10,0.0
66,10,0.224
67,10,-0.8748
68,10,0.4939
69,10,0.0
70,10,0.5574
71,10,0.4939
72,10,0.4019
73,10,-0.1926
74,10,-0.5423
75,10,-0.4404
76,10,0.9747
77,10,0.8655
78,10,-0.4374
79,10,-0.6249
80,10,-0.5346
81,10,0.1027
82,10,0.3182
83,10,0.7684
84,10,0.8192
85,10,0.5562
86,10,0.9885
87,10,-0.8268
88,10,0.0
89,10,0.6597
90,10,-0.1531
91,10,0.7717
92,10,0.25
93,10,-0.8225
94,10,0.7624
95,10,0.1531
96,10,-0.3612
97,10,0.8977
98,10,0.1027
99,10,-0.3182
100,10,0.7955
101,10,0.6908
102,10,0.4588
103,10,0.9441
104,10,0.908
105,10,0.0
106,10,0.8126
107,10,0.9183
108,10,0.128
109,10,0.128
110,10,0.3182
111,10,0.7351
112,10,0.0018
113,10,-0.0258
114,10,-0.4939
115,10,-0.2263
116,10,0.6124
117,10,0.6124
118,10,-0.4215
119,10,-0.3182
120,10,0.9638
121,10,-0.5106
122,10,-0.4215
123,10,-0.7759
124,10,-0.7783
125,10,-0.875
126,10,0.8625
127,10,0.0
128,10,-0.3182
129,10,0.6705
130,10,-0.0688
131,10,0.7901
132,10,0.2023
133,10,0.4019
134,10,0.0
135,10,-0.8271
136,10,-0.8176
137,10,0.6908
138,10,-0.128
139,10,-0.4404
140,10,-0.1779
141,10,0.9118
142,10,0.5994
143,10,0.0
144,10,-0.8074
145,10,0.9371
146,10,0.0
147,10,0.9726
148,10,0.0
149,10,0.0
150,10,-0.5994
151,10,-0.0516
152,10,0.4019
153,10,-0.4981
154,10,0.8583
155,10,0.2023
156,10,0.7964
157,10,0.7263
158,10,0.6943
159,10,0.6523
160,10,0.2023
161,10,0.3612
162,10,-0.2942
163,10,0.6705
164,10,0.836
165,10,-0.5719
166,10,0.128
167,10,0.5859
168,10,0.4215
169,10,-0.8658
170,10,0.296
171,10,0.2023
172,10,0.6808
173,10,0.3314
174,10,0.5106
175,10,0.5673
176,10,0.8313
177,10,0.6486
178,10,0.4019
179,10,0.4215
180,10,-0.7906
181,10,0.7506
182,10,0.9209
183,10,-0.7096
184,10,0.836
185,10,0.0
186,10,-0.836
187,10,0.2235
188,10,0.4019
189,10,0.4767
190,10,0.6588
191,10,0.3612
192,10,0.8622
193,10,0.3612
194,10,0.128
195,10,0.9153
196,10,-0.6808
197,10,0.6369
198,10,0.2023
199,10,0.6249
200,10,-0.7688
201,10,-0.7693
202,10,0.0
203,10,0.4767
204,10,0.128
205,10,0.7717
206,10,0.0
207,10,-0.2054
208,10,0.34
209,10,0.2263
210,10,0.5574
211,10,-0.2263
212,10,0.0
213,10,0.8718
214,10,0.9565
215,10,0.2617
216,10,0.8217
217,10,0.5106
218,10,0.1027
219,10,0.7351
220,10,0.3182
221,10,0.3818
222,10,0.296
223,10,-0.1531
224,10,0.0
225,10,-0.7579
226,10,0.0
227,10,0.5106
228,10,0.8074
229,10,0.8225
230,10,-0.7783
231,10,0.93
232,10,0.9246
233,10,0.6124
234,10,0.6696
235,10,0.0
236,10,-0.5106
237,10,0.1027
238,10,0.5106
239,10,-0.7845
240,10,0.6249
241,10,-0.1779
242,10,-0.8555
243,10,0.5423
244,10,-0.7351
245,10,-0.3818
246,10,-0.3818
247,10,0.4019
248,10,0.0
249,10,0.4767
250,10,-0.4648
251,10,0.5994
252,10,-0.886
253,10,-0.6249
254,10,0.8999
255,10,-0.9186
256,10,-0.3612
257,10,0.5719
258,10,0.0
259,10,0.5859
260,10,0.296
261,10,0.0
262,10,0.7184
263,10,-0.5994
264,10,0.6908
265,10,-0.6012
266,10,0.0
267,10,-0.7717
268,10,-0.1812
269,10,-0.1027
270,10,0.8928
271,10,-0.1027
272,10,0.0
273,10,0.9617
274,10,-0.5994
275,10,0.6369
276,10,-0.4939
277,10,0.4374
278,10,0.4902
279,10,0.0
280,10,0.9082
281,10,-0.4215
282,10,0.6705
283,10,0.2732
284,10,-0.7096
285,9,0.7269
286,9,0.4404
287,9,0.879
288,9,0.2675
289,9,-0.8658
290,9,-0.4215
291,9,-0.3182
292,9,0.872
293,9,-0.3182
294,9,-0.7579
295,9,-0.4939
296,9,0.5719
297,9,0.0516
298,9,0.0
299,9,-0.3182
300,9,0.5994
301,9,0.4019
302,9,-0.5859
303,9,0.0
304,9,-0.3597
305,9,-0.3182
306,9,-0.7469
307,9,0.7574
308,9,0.4767
309,9,0.7579
310,9,-0.7906
311,9,0.0258
312,9,-0.4019
313,9,0.9442
314,9,0.0
315,9,0.8658
316,9,-0.6597
317,9,0.6113
318,9,0.34
319,9,0.7964
320,9,-0.3612
321,9,0.4019
322,9,0.9594
323,9,0.9257
324,9,0.3182
325,9,0.1027
326,9,0.4767
327,9,0.4019
328,9,0.843
329,9,0.0
330,9,-0.9552
331,9,0.7351
332,9,0.6808
333,9,-0.765
334,9,0.296
335,9,0.0
336,9,-0.7269
337,9,-0.9524
338,9,0.6908
339,9,0.6239
340,9,0.8947
341,9,-0.0258
342,9,-0.3612
343,9,0.8481
344,9,0.6605
345,9,0.0
346,9,0.5514
347,9,0.5255
348,9,-0.6486
349,9,-0.4019
350,9,0.5574
351,9,0.0
352,9,-0.4939
353,9,-0.0258
354,9,0.7845
355,9,0.296
356,9,0.2263
357,9,-0.4215
358,9,0.7425
359,9,0.7177
360,9,0.8481
361,9,0.872
362,9,0.6179
363,9,0.4019
364,9,0.5574
365,9,0.0
366,9,0.6249
367,9,0.25
368,9,-0.4939
369,9,-0.886
370,9,0.9415
371,9,0.5106
372,9,0.7351
373,9,0.4215
374,9,0.0
375,9,0.0
376,9,0.926
377,9,-0.5719
378,9,-0.5242
379,9,0.7096
380,9,0.6908
381,9,-0.7061
382,9,0.9477
383,9,0.9477
384,9,0.7081
385,9,0.296
386,9,0.8176
387,9,-0.8689
388,9,-0.0772
389,9,0.765
390,9,-0.2708
391,9,-0.836
392,9,0.7964
393,9,0.0
394,9,-0.6124
395,9,0.8268
396,9,0.853
397,9,0.25
398,9,0.5719
399,9,-0.3802
400,9,-0.4648
401,9,-0.7177
402,9,0.7275
403,9,0.8455
404,9,-0.4621
405,9,0.0
406,9,0.7269
407,9,0.2732
408,9,0.5106
409,9,0.2263
410,9,0.6705
411,9,0.0
412,9,-0.6249
413,9,0.9139
414,9,0.0
415,9,0.4926
416,9,0.7351
417,9,0.875
418,9,-0.8402
419,9,0.4033
420,9,-0.1027
421,9,0.4574
422,9,0.1027
423,9,0.9509
424,9,-0.7003
425,9,0.4404
426,9,0.1027
427,9,0.296
428,9,0.361
429,9,0.6908
430,9,0.7706
431,9,0.0
432,9,0.0
433,9,0.906
434,9,-0.8225
435,9,0.1007
436,9,0.8908
437,9,0.7088
438,9,-0.5994
439,9,0.4939
440,9,-0.2732
441,9,0.0
442,9,-0.8481
443,9,0.1027
444,9,0.6124
445,9,0.5994
446,9,0.0
447,9,-0.4201
448,9,0.0
449,9,0.0772
450,9,-0.25
451,9,0.1027
452,9,-0.3919
453,9,-0.5994
454,9,0.2732
455,9,-0.1531
456,9,-0.6783
457,9,0.0
458,9,0.3695
459,9,0.7184
460,9,-0.8271
461,9,-0.1111
462,9,-0.296
463,9,-0.4939
464,9,-0.4215
465,9,0.0
466,9,-0.5719
467,9,0.69
468,9,0.6597
469,9,-0.5106
470,9,0.9144
471,9,0.0
472,9,0.0
473,9,0.7096
474,9,-0.3182
475,9,0.7645
476,9,0.0
477,9,0.0
478,9,-0.4939
479,9,0.4389
480,9,0.0
481,9,0.0
482,9,-0.7906
483,9,-0.2136
484,9,-0.872
485,9,0.8154
486,9,0.5562
487,9,0.0
488,9,0.0
489,9,0.3612
490,9,0.6908
491,9,0.7964
492,9,0.5994
493,9,-0.6249
494,9,0.3182
495,9,0.9274
496,9,0.9501
497,9,0.8074
498,9,-0.3612
499,9,-0.9112
500,9,-0.8316
501,9,0.0
502,9,0.0
503,9,0.4215
504,9,-0.2675
505,9,-0.3818
506,9,0.4215
507,9,0.0
508,9,0.7269
509,9,0.0
510,9,-0.8689
511,9,-0.4215
512,9,-0.4601
513,9,0.3182
514,9,0.3612
515,9,-0.1779
516,9,-0.2382
517,9,0.0
518,9,-0.6486
519,9,0.6249
520,9,0.9565
521,9,0.8225
522,9,0.8807
523,9,0.8807
524,9,0.7783
525,9,-0.1531
526,9,-0.765
527,9,-0.2617
528,9,0.0258
529,9,-0.5574
530,9,-0.8979
531,9,0.5551
532,9,0.9325
533,9,0.9531
534,9,0.3182
535,9,-0.34
536,9,0.7506
537,9,0.0
538,9,0.2023
539,9,0.4939
540,9,0.743
541,9,0.4003
542,9,0.5106
543,9,-0.7184
544,9,-0.25
545,9,0.3174
546,9,0.7424
547,9,0.0
548,9,0.902
549,9,0.8769
550,9,-0.2263
551,9,-0.9228
552,9,-0.296
553,9,-0.6908
554,9,0.9833
555,9,0.4728
556,9,-0.9231
557,9,0.0
558,9,0.7269
559,9,0.5574
560,9,0.3612
561,9,-0.7717
562,9,0.0
563,9,-0.3182
564,9,0.6597
565,9,0.2263
566,9,-0.3328
567,9,0.1779
568,9,-0.9022
569,9,0.1779
570,9,-0.6588
571,9,-0.8479
572,9,0.8519
573,9,0.0
574,9,-0.8608
575,9,-0.5574
576,9,0.795
577,9,0.0085
578,9,0.0
579,9,0.9139
580,9,0.8271
581,9,0.0
582,9,0.8697
583,9,0.0
584,9,-0.8743
585,9,-0.7506
586,9,0.0
587,9,-0.25
588,9,0.4019
589,9,-0.2498
590,9,0.296
591,9,0.34
592,9,0.0
593,9,0.6249
594,9,-0.1531
595,9,0.7783
596,9,0.3612
597,9,0.3182
598,9,0.4215
599,9,0.0
600,9,-0.4007
601,9,-0.765
602,9,0.8883
603,9,-0.0258
604,9,-0.4767
605,9,0.1531
606,9,0.3818
607,9,-0.8479
608,9,0.3182
609,9,0.6486
610,9,0.6486
611,9,-0.2629
612,9,0.4019
613,9,0.34
614,9,0.6369
615,9,0.9327
616,9,-0.2263
617,9,0.6298
618,9,-0.3612
619,9,0.0
620,9,0.8885
621,9,0.594
622,9,0.9571
623,9,0.5487
624,8,-0.5255
625,8,0.8225
626,8,0.3597
627,8,-0.5984
628,8,0.8748
629,8,0.0
630,8,-0.296
631,8,-0.296
632,8,-0.3818
633,8,0.807
634,8,0.6597
635,8,0.128
636,8,0.4588
637,8,-0.765
638,8,0.4137
639,8,-0.743
640,8,0.6369
641,8,0.0
642,8,-0.2732
643,8,-0.5574
644,8,0.4215
645,8,-0.1531
646,8,0.4295
647,8,-0.7691
648,8,0.5848
649,8,0.5106
650,8,0.4215
651,8,-0.8858
652,8,-0.861
653,8,0.0
654,8,-0.6654
655,8,0.3832
656,8,-0.6199
657,8,0.4574
658,8,0.1027
659,8,-0.765
660,8,-0.5994
661,8,0.7717
662,8,0.5719
663,8,0.5106
664,8,0.8834
665,8,-0.2498
666,8,-0.6808
667,8,0.3595
668,8,0.4215
669,8,0.5719
670,8,0.7891
671,8,0.5696
672,8,-0.6654
673,8,-0.6908
674,8,0.4019
675,8,0.5574
676,8,-0.2263
677,8,0.5093
678,8,0.802
679,8,0.7845
680,8,0.4215
681,8,0.0
682,8,0.0
683,8,0.0
684,8,-0.3182
685,8,-0.7906
686,8,-0.4215
687,8,0.8647
688,8,-0.5994
689,8,-0.4767
690,8,0.4939
691,8,0.8874
692,8,0.765
693,8,0.6167
694,8,0.795
695,8,-0.68
696,8,0.2732
697,8,-0.4939
698,8,0.0
699,8,-0.0315
700,8,-0.5994
701,8,0.3818
702,8,-0.5423
703,8,-0.7906
704,8,0.6908
705,8,0.7184
706,8,0.8834
707,8,-0.4019
708,8,0.9136
709,8,0.3612
710,8,0.8236
711,8,0.0
712,8,0.0
713,8,0.7346
714,8,-0.6996
715,8,0.0
716,8,-0.7506
717,8,0.128
718,8,0.802
719,8,0.0
720,8,0.2732
721,8,-0.2732
722,8,0.7184
723,8,0.4019
724,8,0.0
725,8,0.3182
726,8,0.0
727,8,0.0
728,8,0.2732
729,8,0.7184
730,8,0.9477
731,8,0.4404
732,8,0.8775
733,8,0.8779
734,8,-0.743
735,8,0.0
736,8,-0.743
737,8,-0.0516
738,8,0.6808
739,8,0.3612
740,8,0.1027
741,8,-0.7579
742,8,0.0772
743,8,0.6428
744,8,0.631
745,8,0.1655
746,8,-0.4847
747,8,0.4939
748,8,0.9039
749,8,0.7769
750,8,0.296
751,8,-0.3182
752,8,0.9596
753,8,0.5574
754,8,-0.5106
755,8,0.5368
756,8,0.296
757,8,0.7712
758,8,0.7351
759,8,-0.7964
760,8,-0.5719
761,8,0.3353
762,8,0.886
763,8,0.1027
764,8,0.4574
765,8,-0.1531
766,8,0.0
767,8,0.6696
768,8,0.0
769,8,-0.9167
770,8,0.9033
771,8,0.0
772,8,-0.7003
773,8,0.6369
774,8,0.4019
775,8,0.832
776,8,-0.6457
777,8,0.2023
778,8,0.8442
779,8,0.0
780,8,0.0
781,8,-0.6339
782,8,0.8807
783,8,-0.9406
784,8,0.7579
785,8,-0.5696
786,8,0.9215
787,8,0.4019
788,8,0.946
789,8,-0.3987
790,8,0.7096
791,8,0.0
792,8,0.7783
793,8,0.9349
794,8,-0.5106
795,8,0.0
796,8,0.9169
797,8,0.0
798,8,0.9042
799,8,-0.2263
800,8,0.75
801,8,0.7579
802,8,0.743
803,8,0.5423
804,8,0.2714
805,8,0.25
806,8,0.891
807,8,-0.3182
808,8,0.4019
809,8,0.0
810,8,0.0
811,8,0.7418
812,8,-0.8779
813,8,0.8074
814,8,0.6933
815,8,0.915
816,8,0.9666
817,8,0.7003
818,8,0.5423
819,8,0.5106
820,8,0.5423
821,8,0.4767
822,8,-0.765
823,8,-0.8689
824,8,-0.1531
825,8,0.7152
826,8,-0.4474
827,8,-0.34
828,8,0.0772
829,8,-0.5267
830,8,0.2263
831,8,0.8506
832,8,-0.0772
833,8,-0.5719
834,8,0.5093
835,8,0.4588
836,8,0.4019
837,8,0.0
838,8,0.6155
839,8,0.6808
840,8,0.9139
841,8,0.0
842,8,0.8479
843,8,-0.1531
844,8,0.0516
845,8,0.1695
846,8,0.9715
847,8,0.743
848,8,0.0
849,8,0.4574
850,8,0.128
851,8,0.8221
852,8,0.6249
853,8,0.4767
854,8,0.7351
855,8,-0.8451
856,8,-0.4939
857,8,0.4767
858,8,0.5106
859,8,0.9201
860,8,0.1027
861,8,0.4574
862,8,-0.296
863,8,0.9656
864,8,0.5951
865,8,0.9191
866,8,-0.3182
867,8,-0.4118
868,8,-0.5859
869,8,0.2732
870,8,-0.2144
871,8,0.6369
872,8,0.6486
873,8,-0.8402
874,8,0.5134
875,8,0.7088
876,8,0.6124
877,8,0.872
878,8,0.25
879,8,-0.296
880,8,0.8074
881,8,0.9136
882,8,0.0
883,8,0.0
884,8,0.872
885,8,0.8032
886,8,0.872
887,8,0.5574
888,8,-0.9022
889,8,0.9393
890,8,-0.4404
891,8,-0.1027
892,8,0.6597
893,8,-0.6486
894,8,-0.3818
895,8,-0.3182
896,8,0.7635
897,8,0.4404
898,8,-0.5994
899,8,0.9901
900,8,-0.8853
901,8,0.383
902,8,0.5267
903,8,-0.25
904,8,0.4588
905,8,0.807
906,8,0.7889
907,8,0.8107
908,8,0.9813
909,8,0.3182
910,8,-0.7579
911,8,0.0
912,8,0.0772
913,8,0.1739
914,8,-0.7003
915,8,0.2732
916,8,0.2732
917,8,0.3182
918,8,0.68
919,8,0.9062
920,8,0.296
921,8,-0.8679
922,8,0.6908
923,8,-0.4019
924,8,-0.2732
925,8,0.5647
926,8,-0.4588
927,8,0.6597
928,8,0.9001
929,8,0.3291
930,8,0.0644
931,8,-0.3612
932,8,0.0
933,8,0.6486
934,8,0.6166
935,8,0.296
936,8,-0.2732
937,8,-0.7906
938,8,0.25
939,8,0.0
940,8,-0.1531
941,8,0.6808
942,8,-0.6597
943,8,0.5994
944,8,0.4389
945,8,0.0
946,8,-0.5994
947,8,0.0
948,8,0.8395
949,8,-0.1779
950,8,0.6988
951,8,-0.2075
952,8,0.9349
953,8,0.8555
954,8,-0.1007
955,8,0.0752
956,8,0.4215
957,8,-0.3071
958,8,0.0
959,8,0.0
960,8,-0.0708
961,8,0.6895
962,8,-0.3182
963,8,0.4215
964,8,-0.6486
965,8,0.9186
966,8,0.7964
967,8,0.5106
968,8,-0.5859
969,8,0.4019
970,8,-0.296
971,8,-0.7675
972,8,0.6643
973,8,0.0
974,8,0.0
975,8,-0.6249
976,8,0.9159
977,8,-0.5574
978,8,0.0
979,8,0.1531
980,8,0.0
981,8,0.6705
982,8,0.8807
983,8,0.3612
984,8,0.0
985,8,0.6124
986,8,-0.4497
987,8,0.1027
988,8,-0.0772
989,8,-0.296
990,8,-0.2714
991,8,0.936
992,8,-0.1779
993,8,0.6124
994,8,0.3612
995,8,0.891
996,8,0.7896
997,8,0.7964
998,8,-0.1511
999,8,-0.7184
1000,8,0.7964
1001,8,-0.1531
1002,8,-0.6597
1003,8,0.7506
1004,8,-0.4215
1005,8,-0.4215
1006,8,0.8481
1007,8,0.4404
1008,8,0.8658
1009,8,0.1437
1010,8,-0.0258
1011,8,-0.8217
1012,8,-0.4019
1013,8,0.9168
1014,8,0.75
1015,8,0.6855
1016,8,0.6597
1017,8,0.3612
1018,8,0.2263
1019,8,0.2732
1020,8,0.7739
1021,8,-0.25
1022,8,0.4215
1023,8,0.4983
1024,8,0.3182
1025,8,0.8555
1026,8,0.9201
1027,8,0.7003
1028,8,0.5599
1029,8,-0.8849
1030,8,-0.2732
1031,8,0.6597
1032,8,0.4215
1033,8,-0.6597
1034,8,0.0
1035,8,0.5106
1036,8,0.5859
1037,8,0.6369
1038,8,-0.5086
1039,8,0.296
1040,8,0.8516
1041,8,0.0
1042,8,0.4215
1043,8,-0.6808
1044,8,-0.8481
1045,8,0.8402
1046,8,0.0
1047,8,0.765
1048,8,-0.34
1049,8,-0.5994
1050,8,-0.8481
1051,8,0.1027
1052,8,-0.4323
1053,8,0.4939
1054,8,-0.296
1055,8,-0.7579
1056,8,0.4738
1057,8,0.5707
1058,8,-0.5994
1059,8,0.0
1060,8,0.3612
1061,8,0.0
1062,8,0.7783
1063,8,-0.5859
1064,8,0.6808
1065,8,-0.636
1066,8,0.6933
1067,8,0.4215
1068,8,0.0
1069,8,0.4215
1070,8,0.6351
1071,8,0.0
1072,8,0.5106
1073,8,-0.4767
1074,8,0.8745
1075,8,0.7506
1076,8,-0.567
1077,8,-0.7997
1078,8,0.8271
1079,8,0.4767
1080,8,0.0
1081,8,0.4939
1082,8,0.9099
1083,8,-0.3947
1084,8,-0.6369
1085,8,0.3612
1086,8,-0.7425
1087,8,-0.5994
1088,8,0.3182
1089,8,-0.296
1090,8,0.8481
1091,8,0.3182
1092,8,0.34
1093,8,-0.5013
1094,8,-0.5994
1095,8,0.8481
1096,8,-0.4023
1097,8,-0.6088
1098,8,0.875
1099,7,-0.6469
1100,7,0.0
1101,7,-0.8172
1102,7,0.7783
1103,7,0.942
1104,7,-0.8962
1105,7,0.0
1106,7,0.8016
1107,7,0.4588
1108,7,0.4767
1109,7,0.69
1110,7,-0.0572
1111,7,0.0
1112,7,0.0
1113,7,0.5719
1114,7,0.128
1115,7,0.5994
1116,7,-0.6249
1117,7,-0.9243
1118,7,-0.25
1119,7,0.8225
1120,7,-0.0772
1121,7,0.7696
1122,7,0.0
1123,7,-0.4389
1124,7,0.2732
1125,7,-0.7431
1126,7,0.7783
1127,7,0.8225
1128,7,0.4215
1129,7,0.3182
1130,7,0.2732
1131,7,-0.4215
1132,7,-0.4404
1133,7,0.2481
1134,7,0.3182
1135,7,0.0258
1136,7,0.1531
1137,7,-0.296
1138,7,0.0
1139,7,-0.5719
1140,7,0.7717
1141,7,-0.7964
1142,7,0.7783
1143,7,0.3612
1144,7,0.5423
1145,7,0.9336
1146,7,-0.4019
1147,7,-0.7154
1148,7,0.4404
1149,7,0.0
1150,7,-0.8126
1151,7,0.0
1152,7,0.4215
1153,7,-0.5837
1154,7,-0.4767
1155,7,0.0
1156,7,0.3804
1157,7,-0.1779
1158,7,-0.8796
1159,7,0.0
1160,7,0.0
1161,7,0.9198
1162,7,0.128
1163,7,-0.3818
1164,7,0.9334
1165,7,0.7184
1166,7,0.9623
1167,7,0.0772
1168,7,0.357
1169,7,0.5574
1170,7,-0.296
1171,7,0.3987
1172,7,-0.4404
1173,7,0.0
1174,7,-0.296
1175,7,0.9059
1176,7,0.0
1177,7,-0.6486
1178,7,0.2732
1179,7,-0.4404
1180,7,-0.6783
1181,7,0.8356
1182,7,-0.2023
1183,7,0.6486
1184,7,0.0258
1185,7,0.4404
1186,7,0.9477
1187,7,0.8836
1188,7,0.4545
1189,7,0.5106
1190,7,0.5562
1191,7,0.2263
1192,7,-0.0772
1193,7,-0.128
1194,7,0.3818
1195,7,0.4767
1196,7,0.6249
1197,7,-0.7964
1198,7,0.9139
1199,7,0.7088
1200,7,0.4767
1201,7,0.3818
1202,7,-0.3182
1203,7,0.4019
1204,7,0.3818
1205,7,0.5754
1206,7,0.1027
1207,7,0.0
1208,7,0.9157
1209,7,-0.3182
1210,7,-0.5088
1211,7,-0.5088
1212,7,0.9612
1213,7,0.2023
1214,7,0.0
1215,7,-0.8428
1216,7,-0.1531
1217,7,0.7506
1218,7,0.4019
1219,7,0.2003
1220,7,0.5106
1221,7,0.5106
1222,7,0.4019
1223,7,0.5661
1224,7,0.0
1225,7,0.3182
1226,7,-0.7177
1227,7,-0.1531
1228,7,0.7003
1229,7,0.0
1230,7,0.6176
1231,7,-0.4371
1232,7,-0.6003
1233,7,0.0258
1234,7,-0.4767
1235,7,-0.0772
1236,7,-0.4767
1237,7,0.516
1238,7,0.5461
1239,7,-0.0772
1240,7,0.4019
1241,7,0.6625
1242,7,-0.2263
1243,7,0.1298
1244,7,0.4404
1245,7,-0.7906
1246,7,-0.4588
1247,7,0.5719
1248,7,0.296
1249,7,0.2023
1250,7,-0.4404
1251,7,-0.2732
1252,7,0.0
1253,7,0.1027
1254,7,0.0
1255,7,0.8271
1256,7,0.9169
1257,7,0.5106
1258,7,-0.3182
1259,7,-0.6597
1260,7,0.4588
1261,7,0.25
1262,7,-0.6908
1263,7,0.1027
1264,7,-0.3802
1265,7,0.5574
1266,7,0.6808
1267,7,0.3382
1268,7,0.6808
1269,7,0.6808
1270,7,-0.4588
1271,7,-0.698
1272,7,0.4404
1273,7,-0.5994
1274,7,-0.34
1275,7,-0.5965
1276,7,0.6971
1277,7,-0.2263
1278,7,0.1501
1279,7,-0.8555
1280,7,0.4215
1281,7,-0.4404
1282,7,0.0
1283,7,0.4588
1284,7,0.5859
1285,7,0.4019
1286,7,0.7096
1287,7,-0.9246
1288,7,-0.9393
1289,7,0.5766
1290,7,-0.5106
1291,7,-0.8555
1292,7,-0.8854
1293,7,0.6249
1294,7,0.5574
1295,7,0.2732
1296,7,-0.2263
1297,7,0.0
1298,7,-0.8555
1299,7,0.6124
1300,7,0.0
1301,7,-0.3182
1302,7,0.7027
1303,7,0.0
1304,7,-0.2263
1305,7,0.128
1306,7,0.4137
1307,7,0.0
1308,7,-0.8316
1309,7,-0.8555
1310,7,0.5743
1311,7,-0.8555
1312,7,-0.2247
1313,7,0.0
1314,7,0.0
1315,7,0.6222
1316,7,0.0772
1317,7,0.7351
1318,7,-0.4588
1319,7,0.8271
1320,7,0.0
1321,7,0.1779
1322,7,-0.3182
1323,7,0.2411
1324,7,-0.8074
1325,7,0.636
1326,7,0.9411
1327,7,-0.5994
1328,7,-0.4404
1329,7,-0.9493
1330,7,0.0
1331,7,-0.8902
1332,7,0.5106
1333,7,-0.1779
1334,7,0.0
1335,7,0.7717
1336,7,0.0
1337,7,-0.2263
1338,7,0.0772
1339,7,0.891
1340,7,0.4767
1341,7,-0.4588
1342,7,-0.7351
1343,7,0.167
1344,7,0.0
1345,7,0.0
1346,7,0.836
1347,7,-0.8221
1348,7,0.1346
1349,7,0.1531
1350,7,0.0
1351,7,-0.4019
1352,7,-0.3182
1353,7,0.8074
1354,7,0.296
1355,7,-0.4215
1356,7,0.0
1357,7,0.4019
1358,7,-0.6249
1359,7,-0.3182
1360,7,-0.6486
1361,7,0.25
1362,7,0.7003
1363,7,0.765
1364,7,0.9081
1365,7,0.8481
1366,7,-0.25
1367,7,0.0
1368,7,0.5574
1369,7,0.892
1370,7,0.6908
1371,7,-0.1263
1372,7,0.5983
1373,7,-0.7506
1374,7,-0.25
1375,7,0.1007
1376,7,-0.8625
1377,7,-0.0258
1378,7,0.2185
1379,7,0.3182
1380,7,-0.6597
1381,7,0.0
1382,7,0.0
1383,7,-0.8402
1384,7,0.7269
1385,7,0.5719
1386,7,0.0
1387,7,-0.6369
1388,7,-0.5719
1389,7,0.7297
1390,7,0.4404
1391,7,0.9246
1392,7,0.9557
1393,7,0.5106
1394,7,-0.8305
1395,7,0.2732
1396,7,0.6486
1397,7,0.0258
1398,7,-0.3818
1399,7,-0.8957
1400,7,0.6239
1401,7,-0.4939
1402,7,0.4215
1403,7,0.0
1404,7,0.4588
1405,7,0.4588
1406,7,-0.7506
1407,7,-0.1531
1408,7,-0.5994
1409,7,0.9206
1410,7,0.3612
1411,7,-0.969
1412,7,0.561
1413,7,-0.2263
1414,7,0.6908
1415,7,0.7845
1416,7,0.7317
1417,7,-0.7713
1418,7,-0.1672
1419,7,-0.5994
1420,7,0.5574
1421,7,-0.1531
1422,7,0.2732
1423,7,0.7096
1424,7,0.3612
1425,7,0.5267
1426,7,0.6486
1427,7,0.8316
1428,7,0.4404
1429,7,-0.3612
1430,7,-0.8481
1431,7,0.3182
1432,7,0.712
1433,7,0.5859
1434,7,0.5106
1435,7,0.6897
1436,7,0.3321
1437,7,0.0
1438,7,0.8687
1439,7,-0.891
1440,7,-0.1027
1441,7,-0.8271
1442,7,0.4939
1443,7,0.8315
1444,7,0.3182
1445,7,-0.9393
1446,7,0.1621
1447,7,0.2193
1448,7,0.8225
1449,7,0.34
1450,7,0.2263
1451,7,-0.6705
1452,7,0.7184
1453,7,-0.5859
1454,7,0.6808
1455,7,0.5574
1456,7,0.658
1457,7,0.5574
1458,7,-0.8519
1459,7,-0.6922
1460,7,0.25
1461,7,0.6542
1462,7,0.0258
1463,7,-0.6249
1464,7,0.0
1465,7,0.2732
1466,7,0.8236
1467,7,-0.0572
1468,7,0.296
1469,7,0.7964
1470,7,0.836
1471,7,-0.4215
1472,7,-0.1531
1473,7,0.2023
1474,7,0.0
1475,7,0.4767
1476,7,0.0
1477,7,0.9432
1478,7,0.6369
1479,7,0.4767
1480,7,0.5106
1481,7,-0.636
1482,7,-0.4939
1483,7,-0.4007
1484,7,-0.4404
1485,7,0.128
1486,7,0.6486
1487,7,0.8555
1488,7,0.0
1489,7,-0.0258
1490,7,0.0
1491,7,-0.8689
1492,7,0.7574
1493,7,0.4767
1494,7,-0.6124
1495,7,-0.872
1496,7,0.4215
1497,7,0.0
1498,7,0.2023
1499,7,0.7165
1500,7,0.5319
1501,7,0.8934
1502,7,-0.3191
1503,7,-0.296
1504,7,0.9538
1505,7,0.1531
1506,7,0.3182
1507,7,0.7184
1508,7,-0.9451
1509,7,-0.6124
1510,7,0.168
1511,7,0.4215
1512,7,-0.2732
1513,7,0.0
1514,7,-0.1531
1515,7,0.0
1516,7,0.0
1517,7,-0.5994
1518,7,0.0
1519,7,-0.6486
1520,7,0.7269
1521,7,0.0516
1522,7,0.5994
1523,7,-0.8402
1524,7,0.7269
1525,7,0.0516
1526,7,-0.8652
1527,7,0.0
1528,7,0.09
1529,7,0.2263
1530,7,0.25
1531,7,-0.0258
1532,7,-0.4374
1533,7,0.0
1534,7,0.0
1535,7,0.5267
1536,7,0.0
1537,7,-0.3182
1538,7,-0.4767
1539,7,0.9884
1540,7,0.25
1541,7,0.9392
1542,7,0.1531
1543,7,0.0
1544,7,-0.0516
1545,7,-0.3612
1546,7,0.7964
1547,7,-0.8402
1548,7,0.9139
1549,7,0.0
1550,7,0.0
1551,7,0.4765
1552,7,0.2732
1553,7,0.3832
1554,7,0.2003
1555,7,0.0
1556,7,0.9186
1557,7,-0.3612
1558,7,-0.3767
1559,7,-0.851
1560,7,-0.1027
1561,7,-0.1531
1562,7,0.0
1563,7,0.4019
1564,7,0.5106
1565,7,0.8126
1566,7,0.6573
1567,7,0.5106
1568,7,0.4215
1569,7,0.7916
1570,7,0.0516
1571,7,-0.1531
1572,7,0.0745
1573,7,0.3818
1574,7,0.4215
1575,7,0.4404
1576,7,0.3612
1577,7,0.6486
1578,7,-0.1406
1579,7,0.0
1580,7,0.4215
1581,7,0.4215
1582,7,0.4404
1583,7,0.0
1584,7,0.0
1585,7,-0.6249
1586,7,-0.3182
1587,7,-0.6486
1588,7,0.2023
1589,7,0.0
1590,7,0.802
1591,7,-0.128
1592,7,0.1779
1593,7,-0.0534
1594,7,-0.5994
1595,7,0.3612
1596,7,-0.5994
1597,7,-0.8225
1598,7,0.8481
1599,7,-0.8399
1600,7,-0.9231
1601,7,-0.8225
1602,7,-0.1779
1603,7,0.5267
1604,7,-0.5423
1605,7,-0.25
1606,7,-0.6249
1607,7,0.802
1608,7,0.1511
1609,7,-0.5256
1610,7,-0.8481
1611,7,-0.7906
1612,7,0.7562
1613,7,-0.8271
1614,7,0.7372
1615,7,0.8221
1616,7,-0.4939
1617,7,0.8481
1618,7,0.4939
1619,7,-0.5994
1620,7,0.0
1621,7,-0.2003
1622,7,-0.3382
1623,7,0.5423
1624,7,0.8519
1625,7,0.6908
1626,7,0.8658
1627,6,0.6877
1628,6,0.3182
1629,6,0.296
1630,6,-0.2514
1631,6,0.7184
1632,6,-0.8779
1633,6,-0.7651
1634,6,0.4588
1635,6,0.5423
1636,6,-0.908
1637,6,0.7783
1638,6,0.7783
1639,6,0.1761
1640,6,0.3167
1641,6,-0.2212
1642,6,0.2481
1643,6,0.8519
1644,6,0.4939
1645,6,0.4215
1646,6,0.8155
1647,6,0.8945
1648,6,-0.5994
1649,6,0.4767
1650,6,0.7579
1651,6,0.5994
1652,6,-0.9186
1653,6,0.3612
1654,6,-0.9432
1655,6,0.2732
1656,6,0.0
1657,6,0.1053
1658,6,0.1779
1659,6,-0.3182
1660,6,0.9551
1661,6,0.5423
1662,6,-0.8885
1663,6,0.25
1664,6,0.6369
1665,6,-0.7845
1666,6,0.9601
1667,6,-0.8555
1668,6,-0.1027
1669,6,0.8922
1670,6,0.5916
1671,6,-0.296
1672,6,0.9412
1673,6,-0.8126
1674,6,0.5319
1675,6,0.4374
1676,6,0.9242
1677,6,0.0
1678,6,-0.6562
1679,6,0.296
1680,6,-0.1513
1681,6,0.5106
1682,6,0.8168
1683,6,-0.7863
1684,6,0.8885
1685,6,0.7184
1686,6,-0.0869
1687,6,0.8074
1688,6,0.8074
1689,6,-0.873
1690,6,0.6808
1691,6,-0.5994
1692,6,-0.5994
1693,6,0.6124
1694,6,-0.7783
1695,6,0.8942
1696,6,-0.6124
1697,6,0.0
1698,6,0.8658
1699,6,0.0
1700,6,0.4404
1701,6,-0.0387
1702,6,0.0
1703,6,-0.1531
1704,6,0.7964
1705,6,0.978
1706,6,0.7906
1707,6,0.0
1708,6,0.4404
1709,6,0.6124
1710,6,0.4404
1711,6,-0.6486
1712,6,0.8979
1713,6,0.807
1714,6,-0.4215
1715,6,-0.3818
1716,6,0.4404
1717,6,-0.6486
1718,6,0.7263
1719,6,0.6486
1720,6,0.4215
1721,6,-0.6597
1722,6,-0.4294
1723,6,0.3612
1724,6,0.0
1725,6,-0.6705
1726,6,0.6239
1727,6,0.4215
1728,6,0.3182
1729,6,-0.5688
1730,6,0.4215
1731,6,-0.3612
1732,6,0.923
1733,6,0.4019
1734,6,-0.6908
1735,6,-0.8271
1736,6,0.1027
1737,6,0.8648
1738,6,0.1779
1739,6,-0.5994
1740,6,0.7303
1741,6,0.296
1742,6,0.7003
1743,6,0.636
1744,6,0.7269
1745,6,0.0
1746,6,0.0
1747,6,-0.7463
1748,6,0.296
1749,6,-0.128
1750,6,0.0772
1751,6,0.4023
1752,6,0.3353
1753,6,0.9171
1754,6,0.0
1755,6,0.9022
1756,6,0.0
1757,6,-0.8593
1758,6,0.8078
1759,6,0.5106
1760,6,-0.366
1761,6,0.3724
1762,6,-0.4019
1763,6,0.34
1764,6,-0.3612
1765,6,0.34
1766,6,0.0
1767,6,-0.7579
1768,6,-0.8689
1769,6,0.743
1770,6,-0.8591
1771,6,0.0258
1772,6,-0.5267
1773,6,0.5106
1774,6,0.0
1775,6,-0.3485
1776,6,0.6808
1777,6,-0.9796
1778,6,-0.0382
1779,6,0.5106
1780,6,0.7125
1781,6,0.3919
1782,6,0.0
1783,6,0.2023
1784,6,-0.2023
1785,6,-0.4767
1786,6,0.0258
1787,6,0.9349
1788,6,-0.6597
1789,6,-0.5423
1790,6,0.7269
1791,6,0.5859
1792,6,0.872
1793,6,0.7088
1794,6,0.9652
1795,6,-0.7743
1796,6,0.8353
1797,6,0.3802
1798,6,-0.4404
1799,6,-0.4939
1800,6,0.3182
1801,6,0.0
1802,6,0.4767
1803,6,-0.296
1804,6,0.5765
1805,6,-0.5267
1806,6,0.3182
1807,6,0.7494
1808,6,-0.5904
1809,6,0.6249
1810,6,0.0
1811,6,0.5106
1812,6,0.0258
1813,6,0.4019
1814,6,-0.8689
1815,6,0.7494
1816,6,0.9201
1817,6,0.4404
1818,6,0.4019
1819,6,0.0
1820,6,0.6254
1821,6,0.6597
1822,6,0.9638
1823,6,0.0
1824,6,0.296
1825,6,-0.9565
1826,6,-0.9565
1827,6,0.0
1828,6,0.1501
1829,6,0.6988
1830,6,0.0258
1831,6,0.2023
1832,6,-0.9565
1833,6,-0.9565
1834,6,0.824
1835,6,-0.9565
1836,6,-0.4404
1837,6,0.0
1838,6,0.0
1839,6,0.8442
1840,6,0.4215
1841,6,-0.946
1842,6,-0.6705
1843,6,-0.6997
1844,6,0.0
1845,6,0.8955
1846,6,0.8316
1847,6,-0.946
1848,6,0.0
1849,6,0.0516
1850,6,0.2023
1851,6,0.923
1852,6,-0.8366
1853,6,-0.9062
1854,6,-0.5994
1855,6,0.1076
1856,6,0.0
1857,6,0.8556
1858,6,-0.8591
1859,6,0.0
1860,6,0.0
1861,6,0.5106
1862,6,-0.3818
1863,6,0.0
1864,6,0.2732
1865,6,0.2732
1866,6,0.5994
1867,6,0.9095
1868,6,0.7574
1869,6,0.4404
1870,6,-0.8473
1871,6,-0.2263
1872,6,0.8834
1873,6,0.4404
1874,6,0.3612
1875,6,0.7747
1876,6,-0.8322
1877,6,0.0
1878,6,0.0258
1879,6,0.7845
1880,6,0.0
1881,6,-0.8793
1882,6,0.7901
1883,6,0.0
1884,6,-0.8264
1885,6,0.0
1886,6,0.34
1887,6,0.7964
1888,6,0.0
1889,6,0.4215
1890,6,0.0
1891,6,0.4215
1892,6,0.9392
1893,6,-0.4767
1894,6,0.4767
1895,6,0.7003
1896,6,0.0
1897,6,-0.749
1898,6,0.7783
1899,6,0.9029
1900,6,0.6597
1901,6,0.4588
1902,6,0.0
1903,6,0.0
1904,6,-0.3818
1905,6,0.0
1906,6,0.0
1907,6,0.4265
1908,6,0.2964
1909,6,0.8481
1910,6,0.6249
1911,6,0.3818
1912,6,0.5255
1913,6,0.765
1914,6,-0.5267
1915,6,-0.5719
1916,6,-0.802
1917,6,0.0
1918,6,-0.4678
1919,6,0.0
1920,6,0.4389
1921,6,0.9423
1922,6,0.4201
1923,6,0.6908
1924,6,0.0
1925,6,-0.2023
1926,6,0.9231
1927,6,0.3612
1928,6,-0.4404
1929,6,-0.3595
1930,6,0.4019
1931,6,0.0
1932,6,0.83
1933,6,-0.5423
1934,6,-0.2401
1935,6,0.0
1936,6,0.4215
1937,6,0.4215
1938,6,-0.3818
1939,6,0.6908
1940,6,0.0
1941,6,0.3612
1942,6,-0.5106
1943,6,0.1779
1944,6,0.5106
1945,6,0.6369
1946,6,-0.8728
1947,6,-0.1531
1948,6,0.9811
1949,6,-0.5994
1950,6,-0.3182
1951,6,0.9273
1952,6,0.5255
1953,6,0.7003
1954,6,0.5106
1955,6,-0.3506
1956,6,0.7906
1957,6,-0.9451
1958,6,0.9139
1959,6,0.3818
1960,6,0.7297
1961,6,0.0516
1962,6,-0.4767
1963,6,0.0
1964,6,0.8481
1965,6,-0.5719
1966,6,-0.5994
1967,6,0.0
1968,6,-0.6908
1969,6,-0.9403
1970,6,0.4215
1971,6,-0.8264
1972,6,0.4767
1973,6,0.6597
1974,6,0.0
1975,6,0.0
1976,6,0.2453
1977,6,0.0
1978,6,0.6369
1979,6,-0.34
1980,6,0.3612
1981,6,0.5411
1982,6,0.0
1983,6,0.6808
1984,6,-0.8316
1985,6,0.0644
1986,6,0.0
1987,6,-0.1759
1988,6,0.6486
1989,6,-0.0772
1990,6,0.8807
1991,6,0.0
1992,6,0.5106
1993,6,-0.0772
1994,6,0.4019
1995,6,0.3818
1996,6,0.7845
1997,6,0.886
1998,6,0.8718
1999,6,-0.2617
2000,6,0.7845
2001,6,0.0
2002,6,0.7845
2003,6,0.8941
2004,6,0.5106
2005,6,0.4019
2006,6,-0.4588
2007,6,-0.5994
2008,6,0.6705
2009,6,-0.6678
2010,6,0.1779
2011,6,-0.1531
2012,6,-0.2732
2013,6,0.4019
2014,6,0.8126
2015,6,-0.7351
2016,6,-0.4767
2017,6,-0.4767
2018,6,-0.6688
2019,6,0.0
2020,6,-0.743
2021,6,-0.0772
2022,6,0.4767
2023,6,0.6597
2024,6,-0.3818
2025,6,0.6369
2026,6,0.624
2027,6,0.7184
2028,6,0.8225
2029,6,0.0
2030,6,0.2732
2031,6,0.0
2032,6,0.0
2033,6,0.5719
2034,6,0.8273
2035,6,0.4019
2036,6,0.296
2037,6,-0.5423
2038,6,0.1027
2039,6,0.7579
2040,6,0.7184
2041,6,0.0
2042,6,-0.8679
2043,6,0.5956
2044,6,0.5346
2045,6,-0.5574
2046,6,-0.9086
2047,6,0.0
2048,6,0.7906
2049,6,0.0
2050,6,-0.2228
2051,6,0.5267
2052,6,0.3612
2053,6,0.5106
2054,6,0.3182
2055,6,0.0
2056,6,-0.1779
2057,6,0.0
2058,6,0.5859
2059,6,0.8957
2060,6,0.4588
2061,6,-0.4939
2062,6,-0.5994
2063,6,0.5255
2064,6,0.6908
2065,6,0.0772
2066,6,0.3612
2067,6,0.5719
2068,6,-0.7177
2069,6,0.3818
2070,6,0.6124
2071,6,0.7351
2072,6,-0.636
2073,6,0.8934
2074,6,0.8225
2075,6,0.0
2076,6,0.7152
2077,6,0.4767
2078,6,-0.3818
2079,6,0.0
2080,6,-0.6369
2081,6,0.5927
2082,6,0.7269
2083,6,0.0
2084,6,0.4404
2085,6,-0.5719
2086,6,0.4404
2087,6,-0.7506
2088,6,-0.8582
2089,6,-0.7964
2090,6,-0.6449
2091,6,0.5106
2092,6,-0.1779
2093,6,0.0
2094,6,0.7813
2095,6,0.7964
2096,6,-0.5719
2097,6,0.8481
2098,6,0.4215
2099,6,0.5994
2100,6,0.5093
2101,6,-0.5719
2102,6,0.4215
2103,6,-0.7624
2104,6,0.7432
2105,6,0.0772
2106,6,0.8176
2107,6,0.4767
2108,6,0.0
2109,6,0.765
2110,6,0.7896
2111,6,0.0
2112,6,-0.4404
2113,6,-0.1027
2114,6,-0.836
2115,6,0.0
2116,6,0.9538
2117,6,-0.296
2118,6,0.0
2119,6,-0.8422
2120,6,-0.743
2121,6,0.6705
2122,6,0.6105
2123,6,0.9432
2124,6,0.7079
2125,6,0.0
2126,6,0.3182
2127,6,0.9538
2128,6,-0.8126
2129,6,0.6124
2130,6,0.5106
2131,6,0.0258
2132,6,0.0
2133,6,-0.5859
2134,6,0.6369
2135,6,0.0
2136,6,-0.8126
2137,6,0.8519
2138,6,-0.8481
2139,6,0.0
2140,6,0.4215
2141,6,-0.2023
2142,6,0.0
2143,6,0.0258
2144,6,0.4215
2145,6,0.4215
2146,6,0.4445
2147,6,0.0
2148,6,-0.1531
2149,6,0.1779
2150,6,-0.4588
2151,6,-0.1901
2152,6,0.7845
2153,6,0.25
2154,6,0.9062
2155,6,0.3612
2156,6,0.3612
2157,6,0.4215
2158,6,0.0
2159,6,0.5423
2160,6,0.8779
2161,6,0.0
2162,6,0.886
2163,6,0.4019
2164,6,-0.875
2165,6,-0.1531
2166,6,0.4215
2167,6,0.4019
2168,6,-0.836
2169,6,0.2732
2170,6,-0.5994
2171,6,-0.6969
2172,6,0.8286
2173,6,0.8807
2174,6,0.4215
2175,6,0.4215
2176,6,0.4847
2177,6,0.4767
2178,6,0.539
2179,6,0.0
2180,6,0.6743
2181,6,0.7845
2182,6,0.6369
2183,6,0.8402
2184,6,0.2732
2185,6,0.0
2186,6,0.5106
2187,6,-0.128
2188,6,0.6996
2189,6,0.8608
2190,6,0.3182
2191,6,0.0
2192,6,0.5106
2193,6,-0.9106
2194,6,0.4939
2195,6,-0.7096
2196,6,0.0
2197,6,0.6249
2198,6,0.0
2199,6,-0.5272
2200,6,-0.6815
2201,6,0.743
2202,6,0.5077
2203,6,0.6705
2204,6,-0.9689
2205,6,-0.9313
2206,6,-0.9548
2207,6,0.4215
2208,6,0.128
2209,6,-0.6908
2210,6,-0.9516
2211,6,-0.296
2212,6,0.0018
2213,6,0.8834
2214,6,0.9422
2215,6,-0.7059
2216,6,0.0258
2217,6,0.6369
2218,6,0.1935
2219,6,0.0
2220,6,-0.9337
2221,6,0.2263
2222,6,-0.4588
2223,6,-0.6418
2224,6,0.4215
2225,6,0.5994
2226,6,0.2263
2227,6,-0.1531
2228,6,-0.7906
2229,6,0.9274
2230,6,0.3818
2231,6,0.3182
2232,6,0.1745
2233,6,0.0
2234,6,0.4574
2235,6,-0.9763
2236,6,0.8957
2237,6,-0.7845
2238,6,0.3182
2239,6,-0.3612
2240,6,0.0
2241,6,0.0
2242,6,-0.8977
2243,6,0.6124
2244,6,0.4215
2245,6,0.7003
2246,6,0.128
2247,6,-0.5106
2248,6,-0.2023
2249,6,-0.3182
2250,6,-0.5994
2251,6,0.3818
2252,6,0.0
2253,6,0.9337
2254,6,0.5106
2255,6,0.128
2256,6,-0.4404
2257,6,-0.3164
2258,6,-0.2732
2259,6,-0.7506
2260,6,0.1879
2261,6,0.7494
2262,6,0.5423
2263,6,-0.5719
2264,6,-0.6908
2265,6,0.8519
2266,6,0.9451
2267,6,-0.5994
2268,6,0.0
2269,6,0.9558
2270,6,0.4019
2271,6,0.791
2272,6,0.2023
2273,6,0.0
2274,6,0.6908
2275,6,0.8877
2276,6,0.0
2277,6,0.9042
2278,6,0.4215
2279,6,0.0
2280,6,0.6124
2281,6,0.0
2282,6,0.0
2283,6,-0.2732
2284,6,0.9274
2285,6,0.0
2286,6,-0.1531
2287,6,0.5542
2288,6,0.4019
2289,6,0.7269
2290,6,0.9399
2291,6,0.34
2292,6,0.9595
2293,6,0.3897
2294,6,0.8016
2295,6,-0.5574
2296,6,0.8042
2297,6,0.7269
2298,6,-0.4404
2299,6,0.9078
2300,6,-0.6808
2301,6,0.4215
2302,6,0.8126
2303,6,0.5106
2304,6,0.7845
2305,6,-0.0772
2306,6,0.3818
2307,6,0.6486
2308,6,0.5106
2309,6,-0.3182
2310,6,0.7019
2311,6,0.4939
2312,6,-0.25
2313,6,0.8691
2314,6,0.7402
2315,6,0.2023
2316,6,0.8658
2317,6,0.0789
2318,6,0.8934
2319,6,-0.3182
2320,6,0.0
2321,6,-0.7635
2322,6,0.4404
2323,6,0.5719
2324,6,-0.5106
2325,6,0.1531
2326,6,0.3724
2327,6,0.5106
2328,6,0.5859
2329,6,0.9589
2330,6,0.0
2331,6,0.0
2332,6,-0.4939
2333,6,0.4019
2334,6,0.6597
2335,6,-0.6808
2336,6,-0.484
2337,6,0.2732
2338,6,0.5267
2339,6,-0.3182
2340,6,0.3818
2341,6,0.6808
2342,6,0.6369
2343,6,0.296
2344,6,0.0
2345,6,0.7717
2346,6,-0.6486
2347,6,-0.7783
2348,6,0.4019
2349,6,0.0
2350,6,0.0516
2351,6,0.0
2352,6,0.5095
2353,6,0.0258
2354,6,0.9732
2355,6,-0.3612
2356,6,0.872
2357,6,-0.4767
2358,6,0.9117
2359,6,0.0258
2360,6,0.5994
2361,6,-0.8333
2362,6,0.6249
2363,6,0.9413
2364,6,0.128
2365,6,-0.6597
2366,6,0.0
2367,6,-0.1531
2368,6,0.6476
2369,6,0.0
2370,6,0.6749
2371,6,0.0
2372,6,-0.8225
2373,6,-0.4767
2374,6,0.8625
2375,6,0.1779
2376,6,-0.3818
2377,6,0.9556
2378,6,0.0
2379,6,0.4215
2380,6,0.4973
2381,6,-0.9071
2382,6,-0.1027
2383,6,0.3818
2384,6,-0.2732
2385,6,0.9184
2386,6,0.6763
2387,6,-0.4263
2388,6,0.0772
2389,6,0.8689
2390,6,0.9371
2391,6,0.9549
2392,6,0.85
2393,6,0.9337
2394,6,0.2023
2395,6,0.8074
2396,6,0.4019
2397,6,0.6597
2398,6,0.3751
2399,6,-0.8264
2400,6,0.5423
2401,6,0.8832
2402,6,0.0
2403,6,-0.7351
2404,6,-0.6597
2405,6,-0.8519
2406,6,-0.6597
2407,6,0.4019
2408,6,-0.5267
2409,6,-0.34
2410,6,0.8271
2411,6,-0.5574
2412,6,0.0
2413,6,0.0
2414,6,0.6369
2415,6,0.0
2416,6,0.0
2417,6,-0.9423
2418,6,-0.8274
2419,6,0.9643
2420,6,0.1531
2421,6,0.5719
2422,6,0.7003
2423,6,0.2116
2424,6,-0.5108
2425,6,-0.8402
2426,6,0.0
2427,6,-0.6357
2428,6,-0.5719
2429,6,-0.5994
2430,6,0.8316
2431,6,0.0772
2432,6,0.7906
2433,6,0.7906
2434,6,-0.5423
2435,6,0.0
2436,6,-0.8176
2437,6,0.4019
2438,6,0.5994
2439,6,-0.9186
2440,6,-0.6369
2441,6,0.0
2442,6,0.9201
2443,6,0.128
2444,6,0.3818
2445,6,-0.1531
2446,6,0.296
2447,6,-0.6808
2448,6,0.7351
2449,6,0.9062
2450,6,0.7351
2451,6,-0.0516
2452,6,0.3182
2453,6,0.0
2454,6,0.4767
2455,6,0.8793
2456,6,0.0
2457,6,0.0
2458,6,0.93
2459,6,0.4939
2460,6,-0.3818
2461,6,-0.4404
2462,6,-0.4404
2463,6,0.0
2464,6,-0.2023
2465,6,0.872
2466,6,0.8316
2467,6,0.9393
2468,6,0.34
2469,6,0.9451
2470,6,0.4767
2471,6,0.9072
2472,6,-0.3597
2473,6,-0.5067
2474,6,-0.2263
2475,6,-0.3566
2476,6,0.5106
2477,6,0.6705
2478,6,0.67
2479,6,0.0
2480,6,0.5719
2481,6,-0.1531
2482,6,-0.9223
2483,6,-0.8158
2484,6,0.5267
2485,6,0.0
2486,6,0.5562
2487,6,0.6908
2488,6,0.0
2489,6,-0.5106
2490,6,-0.5994
2491,6,0.6705
2492,6,0.5423
2493,6,0.5719
2494,6,0.0
2495,6,0.0
2496,6,-0.6114
2497,6,0.3523
2498,6,0.891
2499,6,-0.2263
2500,6,0.5859
2501,6,0.0
2502,6,0.0516
2503,6,0.4215
2504,6,0.7351
2505,6,-0.6705
2506,6,0.3612
2507,6,0.0516
2508,6,0.0772
2509,6,0.5984
2510,6,-0.7759
2511,6,-0.8264
2512,6,-0.765
2513,6,0.2244
2514,6,-0.5859
2515,6,0.8658
2516,6,0.8834
2517,6,0.891
2518,6,0.923
2519,6,-0.5719
2520,6,0.4939
2521,6,0.9274
2522,6,-0.8807
2523,6,-0.5994
2524,6,0.5106
2525,6,-0.8625
2526,6,-0.5994
2527,6,0.7845
2528,6,0.7906
2529,6,0.7506
2530,6,0.0
2531,6,0.0
2532,6,-0.8807
2533,6,-0.5574
2534,6,-0.3182
2535,6,-0.8625
2536,6,-0.8625
2537,6,0.3818
2538,6,-0.8625
2539,6,0.4215
2540,6,-0.8625
2541,6,0.0
2542,6,0.8555
2543,6,0.9186
2544,6,-0.8591
2545,6,0.4019
2546,6,-0.2023
2547,6,0.7777
2548,6,0.4215
2549,6,-0.3987
2550,6,0.0
2551,6,-0.1779
2552,6,-0.4939
2553,6,0.4215
2554,6,0.6705
2555,6,0.6115
2556,6,0.7525
2557,6,-0.8264
2558,6,0.0258
2559,6,0.6597
2560,6,0.2732
2561,6,-0.5859
2562,6,-0.5994
2563,6,0.8946
2564,6,0.3802
2565,6,0.4215
2566,6,0.5562
2567,6,0.91
2568,6,0.1779
2569,6,-0.2732
2570,6,0.8514
2571,6,0.7964
2572,6,0.4767
2573,6,0.5972
2574,6,-0.2732
2575,6,-0.4019
2576,6,0.0
2577,6,-0.3182
2578,6,-0.4767
2579,6,0.5719
2580,6,0.4767
2581,6,0.7906
2582,6,-0.5994
2583,6,0.1531
2584,6,-0.8555
2585,6,0.0
2586,6,0.8225
2587,6,0.9231
2588,6,0.7407
2589,6,0.0
2590,6,0.9705
2591,6,0.7177
2592,6,-0.765
2593,6,0.7876
2594,6,-0.3182
2595,6,-0.7579
2596,6,-0.7184
2597,6,-0.5994
2598,6,0.0
2599,6,-0.6124
2600,6,0.0
2601,6,0.8074
2602,6,0.0
2603,6,0.2732
2604,6,0.2732
2605,6,0.8364
2606,6,0.8999
2607,6,-0.7351
2608,6,0.4199
2609,6,0.9463
2610,6,0.0516
2611,6,-0.3818
2612,6,-0.4215
2613,6,-0.3612
2614,6,-0.2023
2615,6,0.1027
2616,6,0.8588
2617,6,-0.6124
2618,6,-0.1027
2619,6,-0.3818
2620,6,-0.7003
2621,6,-0.7177
2622,6,0.8047
2623,6,-0.296
2624,6,-0.2023
2625,6,-0.3612
2626,6,0.7351
2627,5,0.1027
2628,5,0.7184
2629,5,0.6597
2630,5,0.3182
2631,5,-0.8511
2632,5,0.7644
2633,5,-0.0387
2634,5,0.3818
2635,5,0.0
2636,5,0.4404
2637,5,-0.4019
2638,5,0.8074
2639,5,0.6705
2640,5,-0.9169
2641,5,-0.8519
2642,5,0.9432
2643,5,0.2263
2644,5,0.4019
2645,5,0.0
2646,5,0.908
2647,5,0.7772
2648,5,0.2263
2649,5,0.765
2650,5,0.5106
2651,5,0.0
2652,5,0.7351
2653,5,-0.4939
2654,5,-0.2732
2655,5,-0.4939
2656,5,-0.9564
2657,5,0.3182
2658,5,0.8555
2659,5,0.7269
2660,5,0.6884
2661,5,-0.0772
2662,5,0.0516
2663,5,-0.5994
2664,5,0.0
2665,5,0.5859
2666,5,-0.5423
2667,5,-0.1235
2668,5,0.4588
2669,5,0.0
2670,5,0.3612
2671,5,0.6908
2672,5,0.3818
2673,5,0.795
2674,5,0.5859
2675,5,-0.5859
2676,5,0.7184
2677,5,0.7269
2678,5,0.9309
2679,5,0.7351
2680,5,-0.7717
2681,5,0.872
2682,5,-0.5374
2683,5,-0.6705
2684,5,0.7964
2685,5,-0.296
2686,5,0.0
2687,5,-0.6908
2688,5,0.6249
2689,5,0.5562
2690,5,-0.4939
2691,5,0.8625
2692,5,0.0
2693,5,-0.3818
2694,5,-0.6114
2695,5,0.7506
2696,5,0.0
2697,5,0.7269
2698,5,-0.3612
2699,5,-0.5496
2700,5,0.1081
2701,5,0.944
2702,5,0.7506
2703,5,0.4767
2704,5,0.7964
2705,5,0.0
2706,5,-0.872
2707,5,0.802
2708,5,0.0258
2709,5,0.0
2710,5,-0.8847
2711,5,0.4215
2712,5,0.0
2713,5,0.34
2714,5,0.8225
2715,5,-0.3612
2716,5,0.4767
2717,5,0.4871
2718,5,-0.1027
2719,5,0.5423
2720,5,0.0
2721,5,0.5106
2722,5,-0.5719
2723,5,-0.1779
2724,5,0.6956
2725,5,0.4871
2726,5,-0.0274
2727,5,0.7436
2728,5,-0.8779
2729,5,0.6353
2730,5,0.4939
2731,5,-0.0521
2732,5,0.0
2733,5,0.9538
2734,5,0.0
2735,5,-0.9623
2736,5,0.5562
2737,5,-0.7783
2738,5,0.25
2739,5,-0.7783
2740,5,-0.6348
2741,5,-0.8074
2742,5,-0.296
2743,5,-0.9278
2744,5,0.5106
2745,5,0.9273
2746,5,-0.765
2747,5,-0.7717
2748,5,0.7184
2749,5,0.4753
2750,5,0.0
2751,5,0.7545
2752,5,0.561
2753,5,0.5707
2754,5,0.4767
2755,5,-0.5255
2756,5,0.0
2757,5,0.5994
2758,5,0.7424
2759,5,-0.6486
2760,5,0.1531
2761,5,-0.2023
2762,5,0.6988
2763,5,-0.3802
2764,5,-0.7645
2765,5,-0.2846
2766,5,-0.7506
2767,5,-0.4532
2768,5,0.0
2769,5,-0.6114
2770,5,0.1406
2771,5,-0.4559
2772,5,-0.8283
2773,5,-0.25
2774,5,0.4404
2775,5,0.5106
2776,5,-0.34
2777,5,0.8225
2778,5,0.5023
2779,5,0.7506
2780,5,-0.5994
2781,5,-0.3612
2782,5,0.5562
2783,5,0.802
2784,5,0.5423
2785,5,-0.5719
2786,5,-0.6486
2787,5,0.2732
2788,5,0.7579
2789,5,-0.1531
2790,5,-0.3182
2791,5,0.2023
2792,5,0.3612
2793,5,-0.7783
2794,5,-0.3612
2795,5,-0.3381
2796,5,-0.6249
2797,5,0.4215
2798,5,-0.4767
2799,5,0.9231
2800,5,0.0138
2801,5,0.5093
2802,5,-0.7184
2803,5,0.8402
2804,5,-0.8689
2805,5,0.0
2806,5,0.7184
2807,5,-0.8689
2808,5,0.5423
2809,5,0.5423
2810,5,0.7579
2811,5,0.7506
2812,5,-0.8055
2813,5,-0.4588
2814,5,0.5707
2815,5,0.765
2816,5,0.5106
2817,5,-0.7013
2818,5,0.8617
2819,5,0.0
2820,5,0.765
2821,5,0.296
2822,5,-0.5053
2823,5,0.296
2824,5,0.8213
2825,5,0.4939
2826,5,-0.128
2827,5,0.7717
2828,5,0.6486
2829,5,0.8881
2830,5,0.765
2831,5,0.4767
2832,5,0.296
2833,5,0.9661
2834,5,0.4648
2835,5,0.4767
2836,5,0.813
2837,5,-0.0803
2838,5,-0.128
2839,5,0.7609
2840,5,-0.2732
2841,5,0.8316
2842,5,0.5106
2843,5,0.6369
2844,5,0.1531
2845,5,0.3612
2846,5,-0.1761
2847,5,-0.5423
2848,5,0.9327
2849,5,-0.8555
2850,5,-0.34
2851,5,0.2263
2852,5,0.8588
2853,5,0.5859
2854,5,-0.9468
2855,5,0.4767
2856,5,0.4767
2857,5,0.7096
2858,5,0.0
2859,5,0.0258
2860,5,-0.6124
2861,5,-0.3774
2862,5,0.9578
2863,5,0.872
2864,5,-0.2023
2865,5,0.3607
2866,5,0.2263
2867,5,0.2979
2868,5,-0.3182
2869,5,-0.2944
2870,5,0.0
2871,5,0.8126
2872,5,0.4767
2873,5,0.5106
2874,5,0.743
2875,5,0.6369
2876,5,0.9201
2877,5,0.9184
2878,5,-0.6124
2879,5,0.0
2880,5,0.5423
2881,5,0.34
2882,5,0.3182
2883,5,0.3612
2884,5,-0.7514
2885,5,0.7096
2886,5,-0.1027
2887,5,0.9709
2888,5,-0.8104
2889,5,0.0
2890,5,0.4767
2891,5,0.9738
2892,5,0.6124
2893,5,0.5423
2894,5,0.7944
2895,5,0.0
2896,5,0.296
2897,5,0.0
2898,5,-0.3182
2899,5,0.8316
2900,5,-0.8519
2901,5,0.0
2902,5,0.5719
2903,5,0.8269
2904,5,-0.6124
2905,5,-0.7717
2906,5,0.4404
2907,5,0.0
2908,5,-0.2732
2909,5,0.5584
2910,5,0.0258
2911,5,0.9001
2912,5,0.8225
2913,5,-0.5423
2914,5,0.765
2915,5,0.2561
2916,5,-0.886
2917,5,0.0
2918,5,0.5994
2919,5,0.3382
2920,5,-0.296
2921,5,-0.4883
2922,5,0.0
2923,5,-0.7579
2924,5,0.7506
2925,5,-0.6808
2926,5,0.4215
2927,5,0.0772
2928,5,0.6808
2929,5,0.9716
2930,5,-0.7906
2931,5,0.2893
2932,5,0.4404
2933,5,0.0
2934,5,0.9316
2935,5,0.937
2936,5,-0.5233
2937,5,0.6207
2938,5,0.5106
2939,5,-0.7096
2940,5,0.4767
2941,5,0.4767
2942,5,-0.1739
2943,5,-0.5994
2944,5,0.9136
2945,5,0.8687
2946,5,-0.4019
2947,5,-0.7906
2948,5,0.6369
2949,5,-0.1027
2950,5,0.8481
2951,5,0.0
2952,5,-0.507
2953,5,0.9459
2954,5,-0.8176
2955,5,-0.6124
2956,5,-0.1531
2957,5,0.4215
2958,5,0.6933
2959,5,0.9393
2960,5,0.7184
2961,5,-0.296
2962,5,0.2023
2963,5,0.6597
2964,5,-0.25
2965,5,0.7717
2966,5,-0.8718
2967,5,-0.6808
2968,5,0.967
2969,5,-0.2612
2970,5,-0.5423
2971,5,-0.2023
2972,5,0.7003
2973,5,-0.7269
2974,5,0.2023
2975,5,0.3182
2976,5,0.7263
2977,5,0.0
2978,5,-0.6478
2979,5,-0.0258
2980,5,0.0
2981,5,0.7184
2982,5,-0.9089
2983,5,-0.8271
2984,5,0.6597
2985,5,0.7983
2986,5,0.6249
2987,5,0.8902
2988,5,0.8074
2989,5,0.0
2990,5,-0.5574
2991,5,0.5106
2992,5,0.0
2993,5,0.9442
2994,5,0.8439
2995,5,-0.8625
2996,5,0.765
2997,5,-0.8885
2998,5,-0.5719
2999,5,-0.9509
3000,5,0.8384
3001,5,0.8955
3002,5,-0.8156
3003,5,0.8074
3004,5,0.4767
3005,5,0.0258
3006,5,0.4215
3007,5,-0.4215
3008,5,-0.6486
3009,5,-0.4939
3010,5,0.9287
3011,5,0.8555
3012,5,-0.7906
3013,5,-0.7184
3014,5,0.7668
3015,5,0.765
3016,5,-0.9274
3017,5,0.765
3018,5,0.8442
3019,5,-0.7778
3020,5,0.7753
3021,5,0.5994
3022,5,0.5106
3023,5,0.7171
3024,5,0.0
3025,5,0.5719
3026,5,-0.3612
3027,5,0.3612
3028,5,-0.1027
3029,5,0.0
3030,5,-0.0382
3031,5,-0.34
3032,5,-0.296
3033,5,0.2263
3034,5,0.4404
3035,5,0.0
3036,5,0.0
3037,5,0.2263
3038,5,-0.7506
3039,5,0.0258
3040,5,0.0258
3041,5,-0.9086
3042,5,0.7412
3043,5,0.7177
3044,5,0.4767
3045,5,0.0
3046,5,-0.6486
3047,5,0.6124
3048,5,0.8126
3049,5,0.657
3050,5,-0.3182
3051,5,-0.3182
3052,5,0.0
3053,5,0.802
3054,5,0.0
3055,5,0.5673
3056,5,0.3612
3057,5,0.0
3058,5,0.8567
3059,5,-0.8834
3060,5,-0.6486
3061,5,-0.8779
3062,5,-0.7425
3063,5,0.1719
3064,5,0.296
3065,5,-0.8885
3066,5,-0.0258
3067,5,-0.802
3068,5,0.8748
3069,5,0.3477
3070,5,0.9783
3071,5,0.7184
3072,5,-0.4215
3073,5,0.4215
3074,5,0.4939
3075,5,-0.5719
3076,5,0.0
3077,5,0.7269
3078,5,0.2263
3079,5,0.6808
3080,5,0.5994
3081,5,0.5647
3082,5,-0.8367
3083,5,-0.0516
3084,5,0.5106
3085,5,0.34
3086,5,0.7003
3087,5,0.8442
3088,5,0.8651
3089,5,-0.9304
3090,5,0.6249
3091,5,0.0
3092,5,0.4215
3093,5,0.7097
3094,5,0.0
3095,5,0.7579
3096,5,-0.5994
3097,5,-0.7073
3098,5,0.6808
3099,5,-0.7351
3100,5,-0.4588
3101,5,0.4019
3102,5,-0.6908
3103,5,0.1872
3104,5,0.4939
3105,5,0.84
3106,5,0.25
3107,5,0.4019
3108,5,-0.3331
3109,5,0.5848
3110,5,0.6652
3111,5,0.9666
3112,5,-0.2263
3113,5,0.5423
3114,5,-0.6705
3115,5,0.7184
3116,5,0.9136
3117,5,0.5423
3118,5,0.9287
3119,5,-0.7391
3120,5,0.8481
3121,5,0.7351
3122,5,0.6597
3123,5,-0.3612
3124,5,-0.7906
3125,5,0.7845
3126,5,0.7506
3127,5,0.6705
3128,5,-0.8402
3129,5,-0.2714
3130,5,-0.8225
3131,5,0.0
3132,5,-0.0258
3133,5,0.2263
3134,5,0.6908
3135,5,0.3182
3136,5,0.9169
3137,5,0.9559
3138,5,-0.3182
3139,5,0.4019
3140,5,0.296
3141,5,0.34
3142,5,0.2023
3143,5,0.8356
3144,5,0.0
3145,5,-0.5106
3146,5,0.793
3147,5,0.0
3148,5,0.5574
3149,5,-0.7096
3150,5,0.884
3151,5,0.0
3152,5,-0.68
3153,5,-0.8885
3154,5,-0.5994
3155,5,-0.5994
3156,5,0.7096
3157,5,0.4939
3158,5,-0.1546
3159,5,0.0
3160,5,0.4767
3161,5,0.0
3162,5,-0.8574
3163,5,0.0772
3164,5,0.8632
3165,5,0.4019
3166,5,-0.6361
3167,5,-0.1531
3168,5,0.7717
3169,5,-0.7269
3170,5,0.5719
3171,5,-0.3802
3172,5,0.5423
3173,5,0.7717
3174,5,0.0
3175,5,0.6725
3176,5,0.0
3177,5,0.2023
3178,5,0.3802
3179,5,-0.6808
3180,5,0.7906
3181,5,0.4939
3182,5,0.0
3183,5,-0.296
3184,5,0.0
3185,5,0.0772
3186,5,0.6705
3187,5,0.6124
3188,5,-0.6808
3189,5,0.8442
3190,5,0.0
3191,5,-0.7501
3192,5,0.3612
3193,5,0.8625
3194,5,-0.1531
3195,5,-0.296
3196,5,0.5574
3197,5,-0.9528
3198,5,-0.3727
3199,5,-0.3727
3200,5,0.7531
3201,5,0.0
3202,5,-0.3727
3203,5,-0.8519
3204,5,0.743
3205,5,-0.3727
3206,5,0.1027
3207,5,0.1027
3208,5,0.7717
3209,5,0.6486
3210,5,0.6249
3211,5,0.4404
3212,5,0.2023
3213,5,0.0
3214,5,0.8439
3215,5,0.3492
3216,5,0.7096
3217,5,0.5789
3218,5,0.7783
3219,5,0.9118
3220,5,0.8779
3221,5,-0.743
3222,5,0.8779
3223,5,-0.7044
3224,5,0.128
3225,5,0.4404
3226,5,-0.0754
3227,5,0.0
3228,5,-0.8079
3229,5,0.6486
3230,5,-0.0258
3231,5,0.8126
3232,5,0.0
3233,5,0.4767
3234,5,0.3595
3235,5,0.0
3236,5,0.0
3237,5,0.8519
3238,5,0.6249
3239,5,-0.3182
3240,5,0.1808
3241,5,-0.7096
3242,5,0.8519
3243,5,0.0
3244,5,-0.6808
3245,5,0.7783
3246,5,-0.3818
3247,5,0.8357
3248,5,-0.2263
3249,5,0.6705
3250,5,0.6597
3251,5,0.8038
3252,5,-0.4767
3253,5,0.6124
3254,5,0.8271
3255,5,0.8832
3256,5,0.5106
3257,5,0.3612
3258,5,-0.5859
3259,5,-0.5859
3260,5,0.0
3261,5,0.4019
3262,5,-0.8745
3263,5,0.5106
3264,5,-0.6705
3265,5,0.0
3266,5,0.8885
3267,5,0.0
3268,5,0.0
3269,5,0.6369
3270,5,0.936
3271,5,-0.8225
3272,5,-0.8481
3273,5,0.4588
3274,5,0.5267
3275,5,-0.2732
3276,5,0.5574
3277,5,0.7096
3278,5,-0.6705
3279,5,0.0258
3280,5,0.34
3281,5,0.8122
3282,5,0.5106
3283,5,0.058
3284,5,-0.3612
3285,5,0.7506
3286,5,0.0
3287,5,-0.2263
3288,5,0.0516
3289,5,0.0516
3290,5,0.505
3291,5,0.296
3292,5,-0.8058
3293,5,-0.9582
3294,5,-0.4585
3295,5,-0.6486
3296,5,-0.2942
3297,5,0.2023
3298,5,0.2023
3299,5,0.6249
3300,5,0.3612
3301,5,0.899
3302,5,0.0
3303,5,-0.5584
3304,5,0.5562
3305,5,0.872
3306,5,0.0
3307,5,-0.6808
3308,5,-0.7783
3309,5,0.2023
3310,5,0.8205
3311,5,-0.4019
3312,5,0.6124
3313,5,-0.7184
3314,5,-0.4927
3315,5,-0.2632
3316,5,0.7845
3317,5,0.8977
3318,5,0.3612
3319,5,0.875
3320,5,0.0
3321,5,0.0005
3322,5,0.25
3323,5,-0.2732
3324,5,0.8588
3325,5,-0.5994
3326,5,0.0
3327,5,-0.8519
3328,5,0.1779
3329,5,0.6377
3330,5,0.6808
3331,5,0.5256
3332,5,0.9022
3333,5,0.0
3334,5,-0.8873
3335,5,0.7717
3336,5,0.5719
3337,5,-0.0516
3338,5,0.7003
3339,5,0.0516
3340,5,0.8442
3341,5,0.5267
3342,5,0.3182
3343,5,0.5423
3344,5,-0.058
3345,5,0.6858
3346,5,-0.0248
3347,5,-0.4404
3348,5,0.6716
3349,5,-0.2928
3350,5,0.0
3351,5,0.5574
3352,5,-0.4767
3353,5,0.891
3354,5,0.3802
3355,5,-0.8225
3356,5,-0.7645
3357,5,0.2263
3358,5,0.4926
3359,5,0.4588
3360,5,-0.7964
3361,5,0.7717
3362,5,0.3612
3363,5,0.7346
3364,5,0.5859
3365,5,0.2415
3366,5,0.0
3367,5,0.6597
3368,5,-0.536
3369,5,-0.1531
3370,5,0.2263
3371,5,0.4404
3372,5,-0.3736
3373,5,0.6369
3374,5,0.8298
3375,5,0.296
3376,5,-0.0772
3377,5,0.5719
3378,5,0.6369
3379,5,-0.7351
3380,5,-0.7579
3381,5,0.902
3382,5,0.9468
3383,5,-0.1027
3384,5,-0.7694
3385,5,0.5106
3386,5,-0.4019
3387,5,0.9001
3388,5,0.0
3389,5,0.0
3390,5,0.7574
3391,5,-0.8519
3392,5,-0.7717
3393,5,0.0
3394,5,0.6597
3395,5,0.8056
3396,5,0.6369
3397,5,0.4389
3398,5,-0.3182
3399,5,0.9726
3400,5,-0.4215
3401,5,0.2732
3402,5,0.0
3403,5,-0.69
3404,5,0.0
3405,5,0.8316
3406,5,0.8961
3407,5,0.7269
3408,5,-0.7351
3409,5,0.128
3410,5,0.6114
3411,5,0.8225
3412,5,0.4767
3413,5,0.8555
3414,5,0.658
3415,5,0.8442
3416,5,0.2023
3417,5,-0.7506
3418,5,0.4939
3419,5,0.7003
3420,5,-0.4808
3421,5,0.5267
3422,5,0.7783
3423,5,-0.1531
3424,5,-0.7269
3425,5,0.2023
3426,5,0.4404
3427,5,0.0
3428,5,0.8585
3429,5,0.0
3430,5,0.7003
3431,5,-0.5859
3432,5,0.9526
3433,5,-0.7514
3434,5,0.6377
3435,5,0.7003
3436,5,0.3612
3437,5,0.7783
3438,5,-0.6361
3439,5,0.3182
3440,5,0.4767
3441,5,0.658
3442,5,-0.3818
3443,5,-0.4678
3444,5,-0.3182
3445,5,0.0
3446,5,0.6808
3447,5,-0.7351
3448,5,0.128
3449,5,-0.3182
3450,5,0.8899
3451,5,-0.2023
3452,5,0.296
3453,5,-0.6705
3454,5,0.4019
3455,5,0.8807
3456,5,0.5106
3457,5,0.0
3458,5,-0.0191
3459,5,0.4574
3460,5,0.3612
3461,5,0.0
3462,5,0.34
3463,5,0.3612
3464,5,-0.296
3465,5,-0.25
3466,5,-0.6597
3467,5,0.7096
3468,5,0.0
3469,5,-0.93
3470,5,0.6369
3471,5,0.0
3472,5,-0.9246
3473,5,0.9723
3474,5,-0.9022
3475,5,-0.8442
3476,5,0.0
3477,5,0.0772
3478,5,-0.3919
3479,5,0.5267
3480,5,0.9081
3481,5,0.9003
3482,5,0.7412
3483,5,0.7003
3484,5,-0.7514
3485,5,0.0
3486,5,0.296
3487,5,-0.0516
3488,5,0.7964
3489,5,-0.4588
3490,5,0.4767
3491,5,0.6808
3492,5,0.0
3493,5,-0.8553
3494,5,0.128
3495,5,0.7184
3496,5,0.0
3497,5,-0.6124
3498,5,0.4215
3499,5,-0.0191
3500,5,0.0
3501,5,0.4404
3502,5,-0.5267
3503,5,0.9287
3504,5,-0.7514
3505,5,-0.5413
3506,5,-0.5267
3507,5,-0.6937
3508,5,-0.3182
3509,5,0.69
3510,5,0.6249
3511,5,-0.4767
3512,5,0.0
3513,5,0.5574
3514,5,0.9587
3515,5,-0.8481
3516,5,-0.1531
3517,5,0.4767
3518,5,0.4767
3519,5,0.0516
3520,5,0.0
3521,5,-0.2716
3522,5,0.8225
3523,5,0.8481
3524,5,0.7184
3525,5,0.5994
3526,5,-0.1139
3527,5,0.5374
3528,5,0.3612
3529,5,0.7506
3530,5,0.2732
3531,5,0.1531
3532,5,0.7506
3533,5,-0.1779
3534,5,0.5574
3535,5,0.3182
3536,5,0.0
3537,5,0.0
3538,5,0.5256
3539,5,0.4019
3540,5,0.9636
3541,5,0.3182
3542,5,0.8271
3543,5,0.3818
3544,5,0.9042
3545,5,0.7579
3546,5,0.7906
3547,5,-0.7693
3548,5,0.0
3549,5,0.3182
3550,5,-0.1027
3551,5,-0.1779
3552,5,0.0
3553,5,-0.5574
3554,5,0.0018
3555,5,0.2732
3556,5,-0.0603
3557,5,-0.7419
3558,5,-0.3008
3559,5,-0.1531
3560,5,-0.2924
3561,5,-0.5837
3562,5,0.4019
3563,5,0.296
3564,5,0.7506
3565,5,0.8442
3566,5,0.0
3567,5,0.0
3568,5,-0.9726
3569,5,0.0
3570,5,0.5057
3571,5,0.4767
3572,5,-0.8442
3573,5,0.5106
3574,5,-0.1531
3575,5,0.6597
3576,5,-0.5719
3577,5,0.9658
3578,5,-0.4767
3579,5,-0.296
3580,5,0.0
3581,5,0.4939
3582,5,0.0
3583,5,0.25
3584,5,0.4404
3585,5,0.0
3586,5,-0.5994
3587,5,0.4767
3588,5,-0.25
3589,5,0.0
3590,5,-0.8481
3591,5,0.0
3592,5,0.8519
3593,5,-0.1531
3594,5,-0.1707
3595,5,0.8555
3596,5,-0.4019
3597,5,0.0
3598,5,0.9134
3599,5,-0.5719
3600,5,0.0
3601,5,0.25
3602,5,0.0
3603,5,-0.6908
3604,5,0.8658
3605,5,0.127
3606,5,0.6249
3607,5,0.0
3608,5,-0.0644
3609,5,0.7184
3610,5,0.2382
3611,5,0.0
3612,5,0.8979
3613,5,-0.7906
3614,5,0.1531
3615,5,-0.101
3616,5,0.4767
3617,5,-0.5423
3618,5,0.8555
3619,5,0.4215
3620,5,0.886
3621,5,0.8591
3622,5,0.7783
3623,5,0.8301
3624,5,0.296
3625,5,0.9151
3626,5,0.4215
3627,4,0.0
3628,4,0.8591
3629,4,0.4404
3630,4,0.6597
3631,4,0.1573
3632,4,0.4404
3633,4,-0.6588
3634,4,0.0
3635,4,0.7783
3636,4,0.8893
3637,4,0.2732
3638,4,0.7603
3639,4,-0.9387
3640,4,0.0
3641,4,-0.8658
3642,4,-0.7579
3643,4,0.802
3644,4,0.6953
3645,4,0.5106
3646,4,-0.3736
3647,4,-0.6494
3648,4,0.6476
3649,4,0.9586
3650,4,0.5411
3651,4,0.7125
3652,4,0.6908
3653,4,-0.8883
3654,4,0.9134
3655,4,0.6908
3656,4,0.4404
3657,4,0.4359
3658,4,0.9251
3659,4,0.8313
3660,4,0.5106
3661,4,-0.4767
3662,4,-0.6166
3663,4,0.963
3664,4,0.935
3665,4,0.6908
3666,4,-0.8625
3667,4,-0.4215
3668,4,0.8689
3669,4,0.6369
3670,4,0.886
3671,4,-0.296
3672,4,0.802
3673,4,-0.6124
3674,4,0.765
3675,4,0.6369
3676,4,0.3802
3677,4,-0.8555
3678,4,0.4627
3679,4,0.8718
3680,4,0.0
3681,4,-0.6808
3682,4,-0.6124
3683,4,0.8943
3684,4,-0.5574
3685,4,0.9098
3686,4,-0.9433
3687,4,0.4939
3688,4,0.802
3689,4,0.5541
3690,4,0.7579
3691,4,0.5147
3692,4,0.7474
3693,4,0.4215
3694,4,0.7845
3695,4,0.7783
3696,4,0.3875
3697,4,0.7964
3698,4,0.926
3699,4,0.2714
3700,4,0.6862
3701,4,-0.3802
3702,4,0.7506
3703,4,0.0772
3704,4,0.6597
3705,4,0.0
3706,4,0.5411
3707,4,0.4588
3708,4,0.8934
3709,4,0.4215
3710,4,0.8316
3711,4,0.2263
3712,4,0.765
3713,4,0.5859
3714,4,0.7506
3715,4,-0.7351
3716,4,0.0
3717,4,0.0
3718,4,-0.8357
3719,4,0.0
3720,4,-0.5267
3721,4,0.9274
3722,4,-0.1697
3723,4,0.9788
3724,4,0.0
3725,4,0.6697
3726,4,0.91
3727,4,-0.1972
3728,4,0.4019
3729,4,-0.7964
3730,4,-0.932
3731,4,-0.8658
3732,4,0.0
3733,4,0.7964
3734,4,0.1779
3735,4,0.0
3736,4,0.4019
3737,4,0.5423
3738,4,-0.1531
3739,4,0.0
3740,4,-0.659
3741,4,-0.7717
3742,4,0.7414
3743,4,0.5106
3744,4,0.0
3745,4,0.5994
3746,4,-0.1675
3747,4,0.0
3748,4,0.8585
3749,4,0.8481
3750,4,0.9001
3751,4,0.4767
3752,4,-0.9081
3753,4,0.8585
3754,4,0.6705
3755,4,-0.9062
3756,4,0.7906
3757,4,0.5106
3758,4,0.6369
3759,4,-0.3063
3760,4,0.128
3761,4,-0.9221
3762,4,0.0795
3763,4,0.6369
3764,4,0.8402
3765,4,0.0
3766,4,0.4939
3767,4,-0.8179
3768,4,-0.5267
3769,4,-0.0258
3770,4,0.3612
3771,4,0.9745
3772,4,-0.8176
3773,4,0.765
3774,4,0.0
3775,4,0.9717
3776,4,0.7925
3777,4,-0.4588
3778,4,-0.7609
3779,4,0.5563
3780,4,-0.875
3781,4,0.6597
3782,4,0.1531
3783,4,0.7717
3784,4,0.1531
3785,4,-0.8737
3786,4,0.8176
3787,4,-0.4019
3788,4,-0.4588
3789,4,-0.3612
3790,4,0.0
3791,4,-0.34
3792,4,-0.2023
3793,4,-0.5994
3794,4,0.7983
3795,4,-0.6562
3796,4,0.4019
3797,4,0.8402
3798,4,0.6124
3799,4,0.5859
3800,4,0.6808
3801,4,0.8066
3802,4,0.0
3803,4,0.0
3804,4,0.959
3805,4,0.7501
3806,4,0.6486
3807,4,-0.25
3808,4,0.1901
3809,4,0.4767
3810,4,0.5773
3811,4,0.1839
3812,4,0.7964
3813,4,0.7485
3814,4,0.4767
3815,4,-0.2382
3816,4,-0.7707
3817,4,-0.6845
3818,4,-0.3612
3819,4,-0.0798
3820,4,-0.4215
3821,4,0.9382
3822,4,0.8442
3823,4,0.7783
3824,4,-0.8442
3825,4,0.2809
3826,4,0.3182
3827,4,0.4767
3828,4,0.7841
3829,4,0.2023
3830,4,0.4812
3831,4,-0.7351
3832,4,0.5256
3833,4,-0.8555
3834,4,-0.9017
3835,4,0.3818
3836,4,0.3612
3837,4,0.3182
3838,4,0.4215
3839,4,-0.836
3840,4,0.0
3841,4,0.4939
3842,4,0.0258
3843,4,0.3182
3844,4,0.0
3845,4,0.9118
3846,4,0.0258
3847,4,0.7717
3848,4,-0.3313
3849,4,0.6399
3850,4,0.4767
3851,4,0.0
3852,4,0.7263
3853,4,0.4767
3854,4,-0.9274
3855,4,0.0
3856,4,-0.886
3857,4,-0.7713
3858,4,0.4767
3859,4,0.0
3860,4,0.0
3861,4,0.0
3862,4,0.7096
3863,4,0.0
3864,4,0.0
3865,4,0.836
3866,4,0.8555
3867,4,-0.4404
3868,4,0.9513
3869,4,0.9564
3870,4,-0.8201
3871,4,0.0
3872,4,-0.4404
3873,4,0.1779
3874,4,0.5023
3875,4,0.5574
3876,4,0.3612
3877,4,-0.4588
3878,4,0.5106
3879,4,-0.7184
3880,4,-0.886
3881,4,0.0
3882,4,0.7003
3883,4,0.5106
3884,4,0.5267
3885,4,0.0
3886,4,0.0
3887,4,-0.6908
3888,4,0.1779
3889,4,0.1531
3890,4,0.2732
3891,4,-0.8126
3892,4,0.0
3893,4,-0.3182
3894,4,-0.8271
3895,4,-0.6553
3896,4,-0.25
3897,4,0.802
3898,4,-0.6476
3899,4,0.4215
3900,4,-0.5423
3901,4,0.296
3902,4,-0.5423
3903,4,0.2732
3904,4,0.0
3905,4,0.3182
3906,4,-0.8663
3907,4,-0.2732
3908,4,-0.7184
3909,4,0.296
3910,4,0.0
3911,4,-0.3182
3912,4,-0.2382
3913,4,0.0258
3914,4,-0.8481
3915,4,0.8074
3916,4,0.7263
3917,4,0.2748
3918,4,-0.7269
3919,4,0.4215
3920,4,0.8268
3921,4,0.0
3922,4,-0.1027
3923,4,0.0
3924,4,0.8481
3925,4,0.25
3926,4,-0.0772
3927,4,0.4501
3928,4,-0.7964
3929,4,0.3612
3930,4,-0.1655
3931,4,-0.6361
3932,4,-0.6486
3933,4,-0.7707
3934,4,0.4767
3935,4,0.0
3936,4,-0.8481
3937,4,0.5106
3938,4,-0.7184
3939,4,0.1027
3940,4,-0.636
3941,4,0.0
3942,4,0.8313
3943,4,0.8979
3944,4,-0.25
3945,4,0.8316
3946,4,0.0
3947,4,0.7096
3948,4,0.1531
3949,4,0.0
3950,4,-0.1513
3951,4,0.3612
3952,4,0.9309
3953,4,0.8176
3954,4,0.0
3955,4,0.2023
3956,4,0.0
3957,4,0.3612
3958,4,-0.5423
3959,4,0.0
3960,4,-0.7579
3961,4,-0.9734
3962,4,-0.959
3963,4,-0.2023
3964,4,0.34
3965,4,0.7184
3966,4,-0.5574
3967,4,-0.3182
3968,4,0.128
3969,4,0.0
3970,4,0.8058
3971,4,0.0
3972,4,0.7351
3973,4,0.4767
3974,4,0.7717
3975,4,-0.1531
3976,4,0.8588
3977,4,0.4939
3978,4,0.6597
3979,4,0.743
3980,4,0.8176
3981,4,-0.25
3982,4,-0.6486
3983,4,0.0
3984,4,0.0
3985,4,0.1012
3986,4,0.8807
3987,4,0.4588
3988,4,0.8956
3989,4,0.6369
3990,4,0.296
3991,4,-0.502
3992,4,0.0
3993,4,0.6124
3994,4,0.7579
3995,4,-0.6808
3996,4,0.8176
3997,4,0.0
3998,4,0.8658
3999,4,0.8429
4000,4,0.128
4001,4,-0.5207
4002,4,0.9041
4003,4,0.2141
4004,4,-0.5719
4005,4,0.4389
4006,4,0.7823
4007,4,-0.8687
4008,4,-0.5859
4009,4,-0.6664
4010,4,0.6908
4011,4,-0.3182
4012,4,-0.5676
4013,4,-0.5574
4014,4,-0.3182
4015,4,-0.8599
4016,4,-0.8885
4017,4,0.0
4018,4,-0.6698
4019,4,0.296
4020,4,0.9688
4021,4,-0.6656
4022,4,-0.6124
4023,4,0.1027
4024,4,0.2023
4025,4,0.7845
4026,4,0.0
4027,4,-0.3182
4028,4,0.1593
4029,4,0.2263
4030,4,0.0
4031,4,0.7863
4032,4,0.4926
4033,4,0.8316
4034,4,0.765
4035,4,0.6361
4036,4,0.0
4037,4,-0.6571
4038,4,0.2263
4039,4,0.4215
4040,4,0.4215
4041,4,0.3595
4042,4,0.0
4043,4,0.7783
4044,4,0.3182
4045,4,0.4796
4046,4,-0.5859
4047,4,-0.8591
4048,4,0.6705
4049,4,0.7845
4050,4,0.1027
4051,4,-0.9022
4052,4,0.4767
4053,4,0.9294
4054,4,-0.8679
4055,4,0.1027
4056,4,0.7003
4057,4,0.7964
4058,4,0.4588
4059,4,0.0
4060,4,0.8918
4061,4,-0.7925
4062,4,0.4767
4063,4,0.8977
4064,4,-0.6808
4065,4,0.7003
4066,4,0.5106
4067,4,-0.7906
4068,4,0.8918
4069,4,0.0
4070,4,0.6486
4071,4,0.5994
4072,4,0.4902
4073,4,0.1983
4074,4,0.9001
4075,4,-0.6486
4076,4,-0.34
4077,4,0.5994
4078,4,0.8834
4079,4,0.5423
4080,4,0.3034
4081,4,0.484
4082,4,0.0
4083,4,0.3818
4084,4,0.783
4085,4,0.0
4086,4,0.836
4087,4,0.5267
4088,4,-0.25
4089,4,-0.1217
4090,4,0.6605
4091,4,-0.4404
4092,4,0.6597
4093,4,-0.4767
4094,4,-0.4404
4095,4,0.7184
4096,4,-0.2732
4097,4,0.0
4098,4,0.6369
4099,4,0.8416
4100,4,0.0
4101,4,0.9447
4102,4,0.3182
4103,4,0.7951
4104,4,-0.0258
4105,4,0.0
4106,4,-0.7906
4107,4,-0.3182
4108,4,0.3612
4109,4,0.0
4110,4,0.5267
4111,4,0.0
4112,4,0.0
4113,4,0.9432
4114,4,-0.8316
4115,4,-0.8519
4116,4,-0.9201
4117,4,-0.4767
4118,4,-0.1761
4119,4,-0.7579
4120,4,0.8805
4121,4,0.7644
4122,4,0.8481
4123,4,-0.3182
4124,4,0.3182
4125,4,0.296
4126,4,0.4215
4127,4,-0.7096
4128,4,0.4404
4129,4,-0.6988
4130,4,0.8658
4131,4,-0.4019
4132,4,0.0
4133,4,-0.8271
4134,4,0.8689
4135,4,0.2023
4136,4,0.024
4137,4,0.4939
4138,4,-0.6808
4139,4,0.4215
4140,4,0.6249
4141,4,0.9451
4142,4,0.0
4143,4,0.0
4144,4,0.3612
4145,4,0.8728
4146,4,0.8316
4147,4,-0.4914
4148,4,0.296
4149,4,-0.8788
4150,4,0.1779
4151,4,0.6597
4152,4,0.6249
4153,4,-0.4767
4154,4,0.0
4155,4,-0.9136
4156,4,-0.1779
4157,4,0.0
4158,4,0.0516
4159,4,-0.1027
4160,4,0.2263
4161,4,0.4215
4162,4,0.2617
4163,4,-0.3612
4164,4,-0.5574
4165,4,0.3382
4166,4,-0.8442
4167,4,0.0
4168,4,-0.0258
4169,4,0.4685
4170,4,0.6551
4171,4,0.0
4172,4,-0.4898
4173,4,-0.0887
4174,4,-0.4404
4175,4,0.5106
4176,4,0.6369
4177,4,0.6249
4178,4,-0.4215
4179,4,0.0
4180,4,-0.5859
4181,4,0.34
4182,4,0.9423
4183,4,0.204
4184,4,0.1779
4185,4,0.4019
4186,4,0.6705
4187,4,0.0
4188,4,0.8224
4189,4,-0.3182
4190,4,0.9287
4191,4,0.0
4192,4,0.5267
4193,4,-0.5859
4194,4,-0.8381
4195,4,0.8001
4196,4,0.3818
4197,4,0.0
4198,4,0.5574
4199,4,-0.5574
4200,4,0.0
4201,4,-0.0449
4202,4,0.0816
4203,4,0.6616
4204,4,0.4489
4205,4,0.2263
4206,4,0.4019
4207,4,0.9141
4208,4,0.6705
4209,4,0.6124
4210,4,0.1779
4211,4,0.0
4212,4,0.9186
4213,4,-0.4588
4214,4,0.0
4215,4,0.91
4216,4,0.0
4217,4,0.1449
4218,4,0.6369
4219,4,0.4215
4220,4,0.9081
4221,4,0.34
4222,4,-0.8519
4223,4,-0.7717
4224,4,0.4939
4225,4,0.0
4226,4,-0.8519
4227,4,0.6486
4228,4,0.7177
4229,4,-0.3818
4230,4,0.5859
4231,4,0.0
4232,4,-0.624
4233,4,0.69
4234,4,-0.0516
4235,4,0.0
4236,4,0.8881
4237,4,-0.4767
4238,4,0.8658
4239,4,0.0
4240,4,0.6542
4241,4,0.7309
4242,4,0.5367
4243,4,0.296
4244,4,-0.4231
4245,4,0.0
4246,4,0.0
4247,4,0.9477
4248,4,0.8225
4249,4,0.0
4250,4,0.0
4251,4,0.0
4252,4,-0.2263
4253,4,-0.6486
4254,4,0.891
4255,4,0.0
4256,4,0.6187
4257,4,-0.1779
4258,4,0.0
4259,4,0.7269
4260,4,-0.128
4261,4,-0.5526
4262,4,0.3818
4263,4,0.891
4264,4,-0.9756
4265,4,0.0
4266,4,0.0
4267,4,0.765
4268,4,-0.4215
4269,4,0.3612
4270,4,0.3612
4271,4,0.0
4272,4,0.8858
4273,4,0.6369
4274,4,-0.6114
4275,4,-0.5574
4276,4,0.7717
4277,4,0.6486
4278,4,0.2682
4279,4,-0.6249
4280,4,0.3818
4281,4,0.8807
4282,4,-0.2023
4283,4,-0.25
4284,4,-0.5994
4285,4,-0.1528
4286,4,0.9531
4287,4,-0.4939
4288,4,0.5719
4289,4,0.5552
4290,4,-0.2023
4291,4,0.9393
4292,4,0.3182
4293,4,0.872
4294,4,0.0
4295,4,0.6486
4296,4,-0.3612
4297,4,0.4215
4298,4,0.0
4299,4,0.4939
4300,4,0.0
4301,4,0.6249
4302,4,0.3818
4303,4,-0.3818
4304,4,0.5106
4305,4,0.1531
4306,4,-0.926
4307,4,0.8244
4308,4,0.1372
4309,4,-0.2023
4310,4,0.7867
4311,4,0.8658
4312,4,-0.1531
4313,4,-0.8316
4314,4,-0.3382
4315,4,0.802
4316,4,-0.3182
4317,4,0.0772
4318,4,0.8591
4319,4,0.0
4320,4,-0.1027
4321,4,0.4682
4322,4,0.0258
4323,4,0.6369
4324,4,0.0
4325,4,-0.7644
4326,4,-0.1511
4327,4,0.8807
4328,4,0.4404
4329,4,-0.6597
4330,4,0.8419
4331,4,0.2023
4332,4,0.4404
4333,4,0.6597
4334,4,0.0516
4335,4,-0.8402
4336,4,-0.5423
4337,4,0.0
4338,4,0.0
4339,4,0.099
4340,4,-0.891
4341,4,0.9657
4342,4,0.8934
4343,4,0.7717
4344,4,0.296
4345,4,0.8807
4346,4,0.5538
4347,4,-0.8555
4348,4,0.9059
4349,4,0.5423
4350,4,-0.6597
4351,4,-0.7925
4352,4,0.0
4353,4,0.7783
4354,4,0.296
4355,4,0.788
4356,4,-0.2263
4357,4,0.8934
4358,4,0.4303
4359,4,0.0
4360,4,0.8162
4361,4,-0.6705
4362,4,0.0
4363,4,-0.875
4364,4,0.6597
4365,4,-0.6428
4366,4,0.8196
4367,4,0.6597
4368,4,-0.296
4369,4,-0.8625
4370,4,-0.1531
4371,4,0.886
4372,4,-0.6908
4373,4,-0.6705
4374,4,0.8591
4375,4,0.0
4376,4,0.8834
4377,4,0.5849
4378,4,-0.4019
4379,4,0.0
4380,4,-0.1119
4381,4,0.8519
4382,4,-0.4019
4383,4,0.7043
4384,4,0.7964
4385,4,0.0
4386,4,-0.8625
4387,4,-0.6486
4388,4,0.5106
4389,4,0.0
4390,4,0.8548
4391,4,0.0
4392,4,-0.4019
4393,4,0.0
4394,4,-0.6115
4395,4,0.3612
4396,4,0.2732
4397,4,0.0
4398,4,0.5676
4399,4,0.0
4400,4,0.2732
4401,4,-0.4588
4402,4,0.7177
4403,4,-0.0258
4404,4,-0.3869
4405,4,-0.8442
4406,4,-0.1531
4407,4,-0.5994
4408,4,0.8658
4409,4,-0.6249
4410,4,0.7133
4411,4,-0.3182
4412,4,0.6597
4413,4,0.0
4414,4,0.4404
4415,4,0.1189
4416,4,0.0
4417,4,-0.4939
4418,4,-0.7034
4419,4,0.6652
4420,4,-0.1621
4421,4,0.4019
4422,4,0.7644
4423,4,0.4939
4424,4,0.0
4425,4,0.8221
4426,4,0.6597
4427,4,-0.4588
4428,4,-0.2799
4429,4,0.4019
4430,4,0.6124
4431,4,0.4767
4432,4,-0.5777
4433,4,0.5106
4434,4,-0.7845
4435,4,0.5994
4436,4,0.0
4437,4,-0.7501
4438,4,-0.1111
4439,4,0.5859
4440,4,0.0
4441,4,0.3182
4442,4,0.8537
4443,4,0.0
4444,4,-0.34
4445,4,0.7579
4446,4,0.8807
4447,4,0.0258
4448,4,-0.6103
4449,4,0.6124
4450,4,-0.9689
4451,4,0.9553
4452,4,0.6696
4453,4,0.516
4454,4,0.128
4455,4,-0.6908
4456,4,0.0
4457,4,-0.0516
4458,4,0.0
4459,4,0.6597
4460,4,0.5106
4461,4,0.5267
4462,4,-0.8481
4463,4,-0.8374
4464,4,-0.0541
4465,4,0.9643
4466,4,-0.5574
4467,4,0.0
4468,4,-0.5423
4469,4,0.4767
4470,4,-0.8738
4471,4,0.9042
4472,4,0.4215
4473,4,0.7783
4474,4,0.7845
4475,4,0.6597
4476,4,-0.6597
4477,4,0.5574
4478,4,0.0
4479,4,-0.8588
4480,4,-0.6249
4481,4,0.8402
4482,4,0.0
4483,4,-0.0788
4484,4,0.7951
4485,4,0.7506
4486,4,0.3197
4487,4,-0.4767
4488,4,-0.8176
4489,4,-0.5034
4490,4,0.34
4491,4,-0.636
4492,4,-0.3182
4493,4,0.7783
4494,4,0.0
4495,4,-0.6129
4496,4,0.9217
4497,4,0.8666
4498,4,-0.1779
4499,4,0.4019
4500,4,0.9551
4501,4,0.9011
4502,4,-0.0384
4503,4,-0.9201
4504,4,0.2716
4505,4,0.296
4506,4,0.0
4507,4,0.6486
4508,4,0.5423
4509,4,-0.6705
4510,4,-0.296
4511,4,0.0
4512,4,0.0
4513,4,0.0
4514,4,-0.7964
4515,4,0.5848
4516,4,0.0516
4517,4,0.7269
4518,4,-0.8519
4519,4,-0.8622
4520,4,-0.2023
4521,4,0.8074
4522,4,0.4588
4523,4,0.6249
4524,4,0.7978
4525,4,-0.6461
4526,4,0.8481
4527,4,-0.4019
4528,4,0.0
4529,4,-0.296
4530,4,0.6486
4531,4,0.9423
4532,4,0.1779
4533,4,-0.644
4534,4,0.0
4535,4,-0.3182
4536,4,0.0534
4537,4,0.3515
4538,4,0.9153
4539,4,0.8625
4540,4,0.5267
4541,4,-0.4019
4542,4,0.2732
4543,4,-0.7964
4544,4,0.6972
4545,4,0.0
4546,4,0.1027
4547,4,0.8126
4548,4,-0.1548
4549,4,0.5423
4550,4,0.743
4551,4,0.8349
4552,4,-0.7096
4553,4,0.8003
4554,4,-0.296
4555,4,0.0
4556,4,0.2023
4557,4,0.0
4558,4,0.3612
4559,4,-0.7184
4560,4,0.6486
4561,4,0.9679
4562,4,0.9087
4563,4,-0.7269
4564,4,0.3818
4565,4,-0.1779
4566,4,0.2654
4567,4,0.3818
4568,4,-0.9273
4569,4,0.9402
4570,4,0.891
4571,4,-0.3818
4572,4,0.1761
4573,4,0.4404
4574,4,0.0258
4575,4,-0.9741
4576,4,0.0
4577,4,0.7579
4578,4,-0.3612
4579,4,0.128
4580,4,0.3182
4581,4,-0.8625
4582,4,0.3818
4583,4,-0.7579
4584,4,0.5106
4585,4,-0.1531
4586,4,-0.2942
4587,4,-0.4767
4588,4,0.8264
4589,4,-0.3182
4590,4,-0.2023
4591,4,0.3214
4592,4,0.7351
4593,4,0.8514
4594,4,0.368
4595,4,0.4723
4596,4,0.34
4597,4,0.0
4598,4,0.7003
4599,4,0.8553
4600,4,0.68
4601,4,0.7003
4602,4,0.3612
4603,4,0.831
4604,4,-0.7579
4605,4,-0.2263
4606,4,-0.1513
4607,4,0.0
4608,4,-0.9623
4609,4,0.4767
4610,4,-0.1779
4611,4,0.4215
4612,4,0.5719
4613,4,0.7716
4614,4,0.4404
4615,4,0.969
4616,4,0.6249
4617,4,0.3182
4618,4,0.743
4619,4,-0.4545
4620,4,0.5859
4621,4,-0.3182
4622,4,0.3612
4623,4,0.7345
4624,4,-0.8481
4625,4,0.8459
4626,4,-0.8955
4627,3,-0.296
4628,3,-0.128
4629,3,0.7184
4630,3,-0.9493
4631,3,0.6705
4632,3,0.6841
4633,3,0.9622
4634,3,0.75
4635,3,0.9423
4636,3,-0.0772
4637,3,0.745
4638,3,-0.1531
4639,3,0.3167
4640,3,0.4767
4641,3,0.2919
4642,3,0.9777
4643,3,-0.25
4644,3,0.0
4645,3,-0.4939
4646,3,0.924
4647,3,0.7845
4648,3,0.872
4649,3,0.2732
4650,3,0.8598
4651,3,0.4767
4652,3,-0.3818
4653,3,-0.1531
4654,3,0.228
4655,3,0.4215
4656,3,0.1585
4657,3,0.765
4658,3,0.7888
4659,3,0.0
4660,3,-0.34
4661,3,0.0
4662,3,0.7088
4663,3,0.2023
4664,3,0.7906
4665,3,0.7993
4666,3,-0.6801
4667,3,-0.7906
4668,3,0.8316
4669,3,-0.9325
4670,3,-0.7096
4671,3,0.8268
4672,3,0.5106
4673,3,0.7506
4674,3,0.4404
4675,3,0.2732
4676,3,0.0
4677,3,-0.5537
4678,3,-0.6979
4679,3,0.3182
4680,3,0.765
4681,3,0.7351
4682,3,-0.8268
4683,3,-0.3089
4684,3,0.0
4685,3,0.4215
4686,3,0.765
4687,3,-0.8074
4688,3,-0.8074
4689,3,0.0
4690,3,0.0
4691,3,0.3612
4692,3,0.1531
4693,3,0.846
4694,3,0.926
4695,3,-0.6808
4696,3,-0.128
4697,3,-0.5994
4698,3,0.3612
4699,3,-0.6486
4700,3,0.2411
4701,3,0.4019
4702,3,0.5267
4703,3,-0.8626
4704,3,-0.6908
4705,3,-0.2732
4706,3,-0.128
4707,3,0.9191
4708,3,-0.1531
4709,3,0.7506
4710,3,-0.4125
4711,3,0.2263
4712,3,0.5994
4713,3,0.8442
4714,3,-0.7738
4715,3,0.2225
4716,3,0.0258
4717,3,-0.1326
4718,3,0.0
4719,3,0.128
4720,3,-0.9186
4721,3,0.7434
4722,3,0.4939
4723,3,0.4767
4724,3,0.0654
4725,3,0.0232
4726,3,0.7531
4727,3,-0.34
4728,3,0.34
4729,3,0.7184
4730,3,0.9263
4731,3,0.3182
4732,3,0.2263
4733,3,-0.6344
4734,3,-0.34
4735,3,-0.8481
4736,3,0.5267
4737,3,0.0516
4738,3,-0.4215
4739,3,-0.5994
4740,3,-0.9039
4741,3,0.875
4742,3,0.0
4743,3,0.8979
4744,3,0.8519
4745,3,-0.4005
4746,3,0.6597
4747,3,0.4019
4748,3,0.8268
4749,3,-0.8928
4750,3,0.6249
4751,3,0.2732
4752,3,-0.9063
4753,3,0.2732
4754,3,0.296
4755,3,0.8381
4756,3,0.4199
4757,3,0.8176
4758,3,0.3182
4759,3,0.8252
4760,3,0.0
4761,3,-0.8122
4762,3,0.765
4763,3,0.5106
4764,3,-0.8844
4765,3,-0.2263
4766,3,0.7332
4767,3,0.216
4768,3,-0.7824
4769,3,-0.119
4770,3,0.5538
4771,3,-0.1531
4772,3,0.6486
4773,3,-0.6948
4774,3,0.7003
4775,3,0.6597
4776,3,0.3612
4777,3,0.8555
4778,3,0.3612
4779,3,0.5859
4780,3,0.1027
4781,3,0.8689
4782,3,0.7081
4783,3,0.4588
4784,3,0.6124
4785,3,0.4767
4786,3,0.4019
4787,3,0.25
4788,3,0.9465
4789,3,0.886
4790,3,-0.765
4791,3,-0.4767
4792,3,0.6124
4793,3,0.6901
4794,3,-0.9371
4795,3,0.8555
4796,3,0.8481
4797,3,0.4215
4798,3,-0.0516
4799,3,0.0
4800,3,0.9081
4801,3,0.4019
4802,3,0.875
4803,3,0.0
4804,3,0.6849
4805,3,-0.3818
4806,3,0.0
4807,3,0.9757
4808,3,0.5346
4809,3,-0.2755
4810,3,0.5994
4811,3,-0.6908
4812,3,-0.4404
4813,3,0.6597
4814,3,-0.5719
4815,3,0.8722
4816,3,-0.4939
4817,3,-0.4404
4818,3,0.0
4819,3,-0.5994
4820,3,-0.8481
4821,3,-0.1531
4822,3,0.7845
4823,3,-0.8481
4824,3,-0.8176
4825,3,0.5499
4826,3,-0.802
4827,3,0.0
4828,3,-0.296
4829,3,-0.5423
4830,3,0.5599
4831,3,-0.8647
4832,3,0.6486
4833,3,0.0
4834,3,0.6369
4835,3,-0.0798
4836,3,0.3133
4837,3,0.0
4838,3,-0.0516
4839,3,0.34
4840,3,0.0
4841,3,0.3182
4842,3,0.6808
4843,3,-0.5994
4844,3,-0.3182
4845,3,-0.4019
4846,3,-0.3447
4847,3,-0.7835
4848,3,0.3853
4849,3,0.5994
4850,3,0.4201
4851,3,0.3612
4852,3,0.0
4853,3,-0.4019
4854,3,0.3612
4855,3,0.5106
4856,3,-0.6908
4857,3,0.9517
4858,3,-0.7264
4859,3,-0.5994
4860,3,-0.128
4861,3,0.8007
4862,3,0.6486
4863,3,0.3612
4864,3,0.0
4865,3,-0.4215
4866,3,0.4019
4867,3,0.8232
4868,3,0.7845
4869,3,0.296
4870,3,-0.7672
4871,3,0.5859
4872,3,0.8271
4873,3,0.9578
4874,3,0.7707
4875,3,0.7595
4876,3,0.4767
4877,3,0.9001
4878,3,0.4939
4879,3,0.9081
4880,3,-0.3182
4881,3,0.4215
4882,3,0.8625
4883,3,0.6369
4884,3,0.9287
4885,3,-0.5994
4886,3,0.3612
4887,3,0.0
4888,3,-0.6437
4889,3,0.5106
4890,3,0.5106
4891,3,0.3182
4892,3,-0.886
4893,3,0.802
4894,3,0.7717
4895,3,0.608
4896,3,-0.5423
4897,3,0.6124
4898,3,0.4404
4899,3,-0.7345
4900,3,0.2263
4901,3,0.6705
4902,3,0.784
4903,3,0.0
4904,3,-0.7269
4905,3,0.5574
4906,3,0.5719
4907,3,0.4574
4908,3,-0.3687
4909,3,0.2263
4910,3,0.0
4911,3,-0.5994
4912,3,0.6369
4913,3,0.3182
4914,3,0.6917
4915,3,-0.6494
4916,3,0.8316
4917,3,0.6183
4918,3,-0.1531
4919,3,-0.6486
4920,3,-0.5423
4921,3,-0.4019
4922,3,0.5106
4923,3,0.7537
4924,3,0.775
4925,3,-0.3164
4926,3,-0.521
4927,3,0.8271
4928,3,0.9313
4929,3,0.3818
4930,3,0.6731
4931,3,0.9089
4932,3,0.8171
4933,3,-0.6269
4934,3,0.6249
4935,3,0.6369
4936,3,0.9349
4937,3,-0.3182
4938,3,0.743
4939,3,0.9381
4940,3,-0.5994
4941,3,-0.5994
4942,3,0.0
4943,3,0.3818
4944,3,0.4019
4945,3,0.4215
4946,3,0.4215
4947,3,-0.2732
4948,3,0.9555
4949,3,0.5423
4950,3,0.0516
4951,3,-0.6669
4952,3,0.0516
4953,3,-0.743
4954,3,0.0
4955,3,0.0516
4956,3,0.6124
4957,3,0.2732
4958,3,0.5106
4959,3,0.0516
4960,3,0.7506
4961,3,0.9633
4962,3,-0.7269
4963,3,0.0
4964,3,0.0
4965,3,0.8126
4966,3,0.0964
4967,3,0.4767
4968,3,0.7845
4969,3,0.0
4970,3,-0.516
4971,3,0.6621
4972,3,0.5106
4973,3,-0.9393
4974,3,0.0
4975,3,0.9601
4976,3,0.6486
4977,3,0.3182
4978,3,-0.2732
4979,3,0.5106
4980,3,0.0772
4981,3,-0.5267
4982,3,-0.3182
4983,3,0.4767
4984,3,0.4767
4985,3,0.6115
4986,3,0.6486
4987,3,0.7506
4988,3,-0.4588
4989,3,-0.7096
4990,3,-0.5994
4991,3,-0.6486
4992,3,0.3818
4993,3,0.5399
4994,3,-0.3749
4995,3,0.6486
4996,3,-0.886
4997,3,0.8858
4998,3,0.7906
4999,3,0.4069
5000,3,-0.4767
5001,3,-0.7003
5002,3,0.8934
5003,3,0.7184
5004,3,-0.6705
5005,3,-0.9217
5006,3,-0.6705
5007,3,-0.1531
5008,3,0.4215
5009,3,0.296
5010,3,0.5106
5011,3,0.128
5012,3,-0.9022
5013,3,0.836
5014,3,0.4685
5015,3,0.5106
5016,3,0.9324
5017,3,-0.3612
5018,3,0.7783
5019,3,0.0
5020,3,-0.25
5021,3,0.3182
5022,3,0.2023
5023,3,0.3595
5024,3,0.4754
5025,3,0.7184
5026,3,-0.296
5027,3,0.0
5028,3,0.0
5029,3,0.8896
5030,3,0.8885
5031,3,-0.5267
5032,3,0.2732
5033,3,0.8176
5034,3,0.5994
5035,3,-0.7003
5036,3,0.8016
5037,3,-0.7269
5038,3,0.9501
5039,3,0.6808
5040,3,0.8364
5041,3,-0.7644
5042,3,-0.1531
5043,3,0.0186
5044,3,0.4404
5045,3,-0.296
5046,3,-0.7108
5047,3,0.4264
5048,3,0.1511
5049,3,-0.34
5050,3,0.4019
5051,3,0.9287
5052,3,0.584
5053,3,-0.128
5054,3,0.3818
5055,3,-0.5661
5056,3,0.4215
5057,3,0.3612
5058,3,-0.4019
5059,3,-0.6369
5060,3,-0.8481
5061,3,0.5106
5062,3,0.7717
5063,3,-0.6486
5064,3,0.5859
5065,3,0.4404
5066,3,-0.5719
5067,3,0.0
5068,3,-0.0258
5069,3,-0.128
5070,3,0.765
5071,3,0.5562
5072,3,0.4767
5073,3,-0.3595
5074,3,0.4939
5075,3,-0.397
5076,3,0.0
5077,3,-0.6841
5078,3,0.8532
5079,3,-0.2263
5080,3,0.9453
5081,3,0.8074
5082,3,-0.5093
5083,3,0.6696
5084,3,0.8689
5085,3,-0.8934
5086,3,-0.6633
5087,3,0.0
5088,3,-0.3182
5089,3,0.7096
5090,3,-0.5994
5091,3,-0.5106
5092,3,0.0
5093,3,-0.5994
5094,3,0.9612
5095,3,-0.936
5096,3,0.6597
5097,3,0.0
5098,3,0.1779
5099,3,-0.2732
5100,3,-0.6486
5101,3,0.7964
5102,3,0.9517
5103,3,0.7506
5104,3,-0.4019
5105,3,0.0
5106,3,0.8011
5107,3,-0.765
5108,3,-0.7906
5109,3,-0.7156
5110,3,0.0
5111,3,0.6486
5112,3,-0.5994
5113,3,0.4019
5114,3,0.6289
5115,3,0.4404
5116,3,-0.34
5117,3,0.0
5118,3,-0.8113
5119,3,-0.1531
5120,3,-0.4019
5121,3,-0.3612
5122,3,0.6124
5123,3,-0.5994
5124,3,0.0
5125,3,0.6486
5126,3,0.6031
5127,3,0.3182
5128,3,-0.7531
5129,3,0.743
5130,3,0.4404
5131,3,-0.8689
5132,3,0.5434
5133,3,0.4019
5134,3,0.8697
5135,3,0.5859
5136,3,0.6239
5137,3,0.8834
5138,3,0.5411
5139,3,0.8442
5140,3,0.0
5141,3,-0.5574
5142,3,0.4404
5143,3,0.5106
5144,3,-0.4767
5145,3,0.7845
5146,3,0.8402
5147,3,-0.8481
5148,3,-0.296
5149,3,-0.7944
5150,3,0.0
5151,3,0.0
5152,3,-0.5267
5153,3,0.6486
5154,3,-0.296
5155,3,0.0
5156,3,-0.0962
5157,3,0.2732
5158,3,0.743
5159,3,-0.296
5160,3,-0.7581
5161,3,0.8057
5162,3,-0.1027
5163,3,0.7595
5164,3,-0.6046
5165,3,0.8655
5166,3,0.7184
5167,3,-0.6486
5168,3,0.7494
5169,3,0.7537
5170,3,0.6808
5171,3,-0.695
5172,3,0.5106
5173,3,0.7845
5174,3,0.765
5175,3,0.0516
5176,3,-0.4215
5177,3,0.6249
5178,3,-0.3678
5179,3,0.7783
5180,3,0.5267
5181,3,-0.6369
5182,3,-0.5423
5183,3,-0.7579
5184,3,-0.5229
5185,3,-0.7297
5186,3,0.6151
5187,3,0.1601
5188,3,0.802
5189,3,0.9783
5190,3,-0.8689
5191,3,-0.296
5192,3,0.0
5193,3,0.0
5194,3,-0.7096
5195,3,0.4215
5196,3,0.0
5197,3,-0.5994
5200,3,-0.4767
5201,3,-0.6597
5202,3,0.0
5203,3,-0.4404
5204,3,-0.5095
5205,3,-0.5994
5206,3,0.0
5207,3,-0.4767
5208,3,0.969
5209,3,-0.1083
5210,3,0.6114
5211,3,0.0
5212,3,0.2263
5213,3,-0.8481
5214,3,0.0
5215,3,0.5859
5216,3,0.6369
5217,3,0.4926
5218,3,-0.6486
5219,3,0.6369
5220,3,0.8173
5221,3,-0.7297
5222,3,-0.9538
5223,3,0.7717
5224,3,0.4588
5225,3,0.0772
5226,3,0.0
5227,3,0.8316
5228,3,0.4019
5229,3,0.3382
5230,3,0.9517
5231,3,0.6917
5232,3,0.6369
5233,3,0.0
5234,3,0.4404
5235,3,0.8591
5236,3,0.5198
5237,3,0.0
5238,3,0.4767
5239,3,0.5423
5240,3,0.7964
5241,3,0.1695
5242,3,0.1154
5243,3,0.9403
5244,3,0.4215
5245,3,0.8176
5246,3,0.6486
5247,3,0.4019
5248,3,0.7783
5249,3,0.0772
5250,3,0.4098
5251,3,0.4019
5252,3,0.2006
5253,3,0.9477
5254,3,0.25
5255,3,-0.3182
5256,3,0.0
5257,3,0.6633
5258,3,-0.7812
5259,3,-0.2878
5260,3,-0.3736
5261,3,0.7184
5262,3,0.128
5263,3,-0.5255
5264,3,-0.25
5265,3,0.9682
5266,3,0.0
5267,3,-0.1531
5268,3,-0.34
5269,3,0.0
5270,3,0.9017
5271,3,-0.1675
5272,3,-0.7351
5273,3,0.4767
5274,3,0.0
5275,3,0.7906
5276,3,0.6808
5277,3,0.5859
5278,3,0.4215
5279,3,0.3158
5280,3,-0.8126
5281,3,-0.8402
5282,3,0.6239
5283,3,0.2837
5284,3,-0.886
5285,3,0.9022
5286,3,-0.3182
5287,3,0.0
5288,3,0.5574
5289,3,0.3527
5290,3,-0.4019
5291,3,0.8591
5292,3,0.6917
5293,3,0.8439
5294,3,-0.9201
5295,3,-0.8481
5296,3,0.7184
5297,3,0.6597
5298,3,0.5574
5299,3,0.5574
5300,3,0.296
5301,3,0.0
5302,3,0.0
5303,3,0.4215
5304,3,0.0
5305,3,-0.7783
5306,3,-0.9623
5307,3,0.4404
5308,3,-0.6365
5309,3,0.0
5310,3,0.5707
5311,3,-0.296
5312,3,-0.5622
5313,3,0.4215
5314,3,0.0
5315,3,0.8316
5316,3,-0.8613
5317,3,0.9077
5318,3,0.5562
5319,3,-0.8481
5320,3,0.4404
5321,3,0.7845
5322,3,-0.521
5323,3,0.0
5324,3,-0.8316
5325,3,0.6597
5326,3,-0.91
5327,3,0.8834
5328,3,-0.926
5329,3,-0.4939
5330,3,0.7906
5331,3,0.0
5332,3,-0.1002
5333,3,0.4215
5334,3,-0.8191
5335,3,0.0516
5336,3,0.7845
5337,3,-0.2006
5338,3,0.0
5339,3,0.34
5340,3,-0.4939
5341,3,0.0
5342,3,-0.5423
5343,3,0.5574
5344,3,-0.5994
5345,3,0.34
5346,3,-0.5994
5347,3,0.5319
5348,3,0.0
5349,3,-0.4939
5350,3,-0.7027
5351,3,-0.5423
5352,3,0.4648
5353,3,0.34
5354,3,0.3455
5355,3,0.9584
5356,3,0.7579
5357,3,-0.2023
5358,3,0.6808
5359,3,0.7693
5360,3,0.0
5361,3,0.34
5362,3,-0.5994
5363,3,-0.1779
5364,3,0.4919
5365,3,0.5972
5366,3,0.4767
5367,3,-0.4767
5368,3,0.8829
5369,3,0.0
5370,3,0.7096
5371,3,-0.4215
5372,3,0.0
5373,3,-0.6249
5374,3,0.8126
5375,3,0.7003
5376,3,-0.8625
5377,3,-0.34
5378,3,0.5423
5379,3,-0.8155
5380,3,-0.7096
5381,3,0.4588
5382,3,0.0
5383,3,-0.784
5384,3,0.6114
5385,3,0.0
5386,3,0.4767
5387,3,0.9274
5388,3,0.0
5389,3,0.4919
5390,3,-0.0258
5391,3,0.872
5392,3,0.128
5393,3,-0.6908
5394,3,-0.5994
5395,3,0.0
5396,3,0.0
5397,3,0.2263
5398,3,-0.5994
5399,3,0.8192
5400,3,0.34
5401,3,-0.939
5402,3,0.9287
5403,3,-0.5229
5404,3,0.0
5405,3,-0.25
5406,3,0.743
5407,3,0.891
5408,3,0.6486
5409,3,0.6486
5410,3,0.3182
5411,3,0.8658
5412,3,0.4404
5413,3,0.6597
5414,3,0.9485
5415,3,-0.3262
5416,3,0.8116
5417,3,0.3612
5418,3,-0.7506
5419,3,-0.4805
5420,3,0.9062
5421,3,0.0
5422,3,0.0
5423,3,0.7561
5424,3,0.5574
5425,3,0.4215
5426,3,0.6249
5427,3,-0.7688
5428,3,-0.6705
5429,3,0.8971
5430,3,0.3182
5431,3,0.7184
5432,3,-0.7345
5433,3,0.9517
5434,3,-0.8682
5435,3,-0.0498
5436,3,0.8627
5437,3,0.6408
5438,3,-0.6908
5439,3,-0.4404
5440,3,0.2732
5441,3,-0.6597
5442,3,-0.128
5443,3,-0.5229
5444,3,-0.4767
5445,3,0.0
5446,3,0.8977
5447,3,0.802
5448,3,0.2263
5449,3,0.7783
5450,3,0.7269
5451,3,0.3802
5452,3,0.0324
5453,3,0.0
5454,3,0.8176
5455,3,-0.4404
5456,3,0.7017
5457,3,0.0
5458,3,-0.2732
5459,3,0.9001
5460,3,0.6808
5461,3,0.4588
5462,3,0.3818
5463,3,0.1139
5464,3,-0.8537
5465,3,0.4767
5466,3,-0.7783
5467,3,-0.794
5468,3,-0.6114
5469,3,0.1531
5470,3,0.4019
5471,3,-0.6597
5472,3,0.3612
5473,3,0.6369
5474,3,0.836
5475,3,0.6597
5476,3,0.7096
5477,3,0.0
5478,3,0.872
5479,3,0.0
5480,3,0.6597
5481,3,-0.8074
5482,3,0.2023
5483,3,0.0
5484,3,0.1531
5485,3,0.0
5486,3,-0.7586
5487,3,-0.25
5488,3,-0.296
5489,3,0.8402
5490,3,0.7506
5491,3,0.7351
5492,3,0.5106
5493,3,0.8176
5494,3,0.0
5495,3,-0.5719
5496,3,0.4019
5497,3,0.8074
5498,3,0.0772
5499,3,0.9489
5500,3,0.0
5501,3,-0.8505
5502,3,0.0
5503,3,-0.6249
5504,3,0.9044
5505,3,0.0
5506,3,-0.3612
5507,3,0.9042
5508,3,0.3818
5509,3,-0.5859
5510,3,0.8885
5511,3,0.5994
5512,3,0.5994
5513,3,0.0
5514,3,-0.2263
5515,3,0.729
5516,3,0.4753
5517,3,0.5719
5518,3,0.3612
5519,3,0.8671
5520,3,-0.3367
5521,3,0.8779
5522,3,0.3612
5523,3,0.5267
5524,3,0.7506
5525,3,-0.2808
5526,3,-0.5994
5527,3,-0.6124
5528,3,-0.8519
5529,3,0.9324
5530,3,0.3612
5531,3,0.8331
5532,3,0.6369
5533,3,0.2263
5534,3,0.0
5535,3,0.6597
5536,3,0.3818
5537,3,-0.0798
5538,3,0.6258
5539,3,0.6597
5540,3,0.6868
5541,3,0.6597
5542,3,0.5702
5543,3,-0.0798
5544,3,0.9382
5545,3,-0.34
5546,3,0.5106
5547,3,0.9413
5548,3,0.6808
5549,3,0.0
5550,3,0.0
5551,3,0.4019
5552,3,0.6239
5553,3,0.8519
5554,3,0.4574
5555,3,-0.4767
5556,3,0.0
5557,3,0.8658
5558,3,0.0
5559,3,-0.7561
5560,3,0.8934
5561,3,0.4939
5562,3,0.128
5563,3,0.9153
5564,3,-0.2263
5565,3,-0.25
5566,3,0.1779
5567,3,-0.6486
5568,3,0.0
5569,3,0.6369
5570,3,0.4215
5571,3,0.3182
5572,3,-0.5423
5573,3,0.8126
5574,3,0.7351
5575,3,0.4767
5576,3,0.34
5577,3,0.5106
5578,3,0.2732
5579,3,0.0
5580,3,-0.5255
5581,3,0.0
5582,3,0.7184
5583,3,0.0
5584,3,0.1531
5585,3,0.7003
5586,3,-0.3612
5587,3,-0.0191
5588,3,0.0
5589,3,0.0
5590,3,0.0
5591,3,-0.7264
5592,3,0.2732
5593,3,-0.4767
5594,3,0.7906
5595,3,-0.4648
5596,3,0.6369
5597,3,-0.9042
5598,3,0.0
5599,3,-0.6249
5600,3,-0.2462
5601,3,0.0
5602,3,0.7845
5603,3,-0.25
5604,3,-0.3612
5605,3,0.34
5606,3,0.5267
5607,3,-0.5719
5608,3,0.0
5609,3,-0.2732
5610,3,0.2732
5611,3,-0.5719
5612,3,0.4023
5613,3,0.802
5614,3,0.0258
5615,3,0.25
5616,3,0.6369
5617,3,0.1526
5618,3,0.8225
5619,3,0.5994
5620,3,-0.25
5621,3,-0.3802
5622,3,-0.4215
5623,3,0.1593
5624,3,-0.2732
5625,3,0.4939
5626,3,-0.0798
5627,3,0.7096
5628,2,0.1139
5629,2,0.7269
5630,2,0.5719
5631,2,0.0
5632,2,-0.7003
5633,2,0.6486
5634,2,0.6597
5635,2,-0.676
5636,2,-0.2551
5637,2,0.7351
5638,2,-0.9422
5639,2,0.4588
5640,2,-0.4767
5641,2,0.3804
5642,2,-0.8316
5643,2,0.5719
5644,2,0.8417
5645,2,-0.636
5646,2,0.3612
5647,2,0.8516
5648,2,-0.5267
5649,2,0.4215
5650,2,0.8655
5651,2,0.0
5652,2,0.6908
5653,2,0.4019
5654,2,0.34
5655,2,-0.5423
5656,2,0.785
5657,2,0.8439
5658,2,0.886
5659,2,-0.802
5660,2,0.4548
5661,2,0.6428
5662,2,0.7579
5663,2,0.8268
5664,2,0.9345
5665,2,0.5267
5666,2,0.8689
5667,2,-0.5106
5668,2,0.6486
5669,2,-0.0772
5670,2,-0.4939
5671,2,0.8402
5672,2,-0.128
5673,2,0.0
5674,2,0.4019
5675,2,0.7352
5676,2,0.25
5677,2,0.7096
5678,2,0.6996
5679,2,0.4404
5680,2,0.6249
5681,2,0.4404
5682,2,0.8484
5683,2,0.9423
5684,2,-0.6124
5685,2,0.7902
5686,2,0.8237
5687,2,-0.5719
5688,2,-0.765
5689,2,0.2846
5690,2,-0.9022
5691,2,0.0
5692,2,0.4019
5693,2,-0.2263
5694,2,0.7906
5695,2,0.9477
5696,2,0.4914
5697,2,0.5766
5698,2,0.8658
5699,2,0.9477
5700,2,-0.7003
5701,2,0.3818
5702,2,-0.4939
5703,2,0.5994
5704,2,0.2732
5705,2,0.0
5706,2,-0.6478
5707,2,-0.9313
5708,2,-0.6369
5709,2,0.5994
5710,2,-0.8829
5711,2,-0.7506
5712,2,0.296
5713,2,0.25
5714,2,0.5106
5715,2,0.658
5716,2,0.7096
5717,2,0.0
5718,2,-0.25
5719,2,0.7269
5720,2,-0.4927
5721,2,0.0
5722,2,0.8176
5723,2,0.0
5724,2,0.0865
5725,2,0.743
5726,2,-0.6249
5727,2,-0.8074
5728,2,-0.7899
5729,2,0.4404
5730,2,0.3036
5731,2,0.5023
5732,2,0.5106
5733,2,-0.2263
5734,2,0.1027
5735,2,-0.7579
5736,2,0.6808
5737,2,0.0
5738,2,-0.6486
5739,2,0.1372
5740,2,-0.2003
5741,2,-0.802
5742,2,-0.1447
5743,2,-0.6969
5744,2,-0.4389
5745,2,-0.4767
5746,2,0.4767
5747,2,-0.5106
5748,2,0.4767
5749,2,-0.6597
5750,2,-0.34
5751,2,-0.6932
5752,2,-0.3291
5753,2,0.83
5754,2,0.8887
5755,2,-0.3612
5756,2,-0.3612
5757,2,-0.4215
5758,2,0.5037
5759,2,-0.4391
5760,2,0.6249
5761,2,0.0
5762,2,0.0
5763,2,0.5574
5764,2,0.886
5765,2,0.508
5766,2,0.0
5767,2,0.7283
5768,2,0.4404
5769,2,0.0516
5770,2,-0.5423
5771,2,0.0516
5772,2,-0.2481
5773,2,0.6908
5774,2,0.5106
5775,2,0.4939
5776,2,0.886
5777,2,-0.7626
5778,2,0.891
5779,2,0.3862
5780,2,0.0772
5781,2,-0.6486
5782,2,-0.9576
5783,2,0.4019
5784,2,0.1511
5785,2,0.3182
5786,2,0.946
5787,2,0.7845
5788,2,0.8074
5789,2,-0.8591
5790,2,-0.1779
5791,2,0.3182
5792,2,-0.0516
5793,2,0.7832
5794,2,0.8236
5795,2,-0.8934
5796,2,0.5106
5797,2,0.875
5798,2,0.7003
5799,2,0.3182
5800,2,-0.9726
5801,2,0.0
5802,2,0.0469
5803,2,-0.4215
5804,2,0.5859
5805,2,0.2023
5806,2,0.9169
5807,2,-0.25
5808,2,0.8313
5809,2,-0.9799
5810,2,0.6361
5811,2,0.0
5812,2,0.128
5813,2,-0.6597
5814,2,0.0
5815,2,0.5994
5816,2,0.6476
5817,2,0.0
5818,2,0.7713
5819,2,0.5423
5820,2,0.7269
5821,2,0.8316
5822,2,-0.6467
5823,2,0.0
5824,2,0.5574
5825,2,-0.8126
5826,2,0.7096
5827,2,0.0
5828,2,0.0
5829,2,-0.9072
5830,2,0.9509
5831,2,0.5859
5832,2,0.0516
5833,2,-0.8614
5834,2,0.9196
5835,2,-0.8658
5836,2,-0.1779
5837,2,0.4404
5838,2,0.93
5839,2,0.4648
5840,2,-0.6597
5841,2,0.7783
5842,2,0.3182
5843,2,0.9274
5844,2,-0.5949
5845,2,-0.0772
5846,2,0.34
5847,2,-0.126
5848,2,0.1027
5849,2,0.3818
5850,2,-0.4939
5851,2,0.3802
5852,2,-0.575
5853,2,-0.5994
5854,2,0.2828
5855,2,0.93
5856,2,0.2263
5857,2,-0.8553
5858,2,0.6369
5859,2,-0.2023
5860,2,0.765
5861,2,0.791
5862,2,0.8979
5863,2,-0.0516
5864,2,0.3818
5865,2,0.4767
5866,2,-0.4912
5867,2,0.6369
5868,2,0.0
5869,2,-0.1531
5870,2,0.0
5871,2,-0.4753
5872,2,0.6981
5873,2,-0.7269
5874,2,-0.609
5875,2,0.128
5876,2,0.8555
5877,2,-0.296
5878,2,0.6369
5879,2,-0.3818
5880,2,0.5848
5881,2,-0.5106
5882,2,-0.3818
5883,2,0.7901
5884,2,-0.296
5885,2,0.2732
5886,2,0.93
5887,2,0.9538
5888,2,0.9559
5889,2,-0.8126
5890,2,-0.1531
5891,2,0.7645
5892,2,-0.7772
5893,2,0.1633
5894,2,0.2004
5895,2,0.296
5896,2,-0.4912
5897,2,0.4215
5898,2,0.3578
5899,2,0.0
5900,2,-0.8834
5901,2,0.2732
5902,2,-0.217
5903,2,0.6705
5904,2,0.0
5905,2,0.802
5906,2,0.2263
5907,2,0.4404
5908,2,0.3182
5909,2,0.9185
5910,2,0.765
5911,2,0.91
5912,2,0.0
5913,2,0.8705
5914,2,-0.2023
5915,2,0.4648
5916,2,0.6705
5917,2,0.4648
5918,2,0.0783
5919,2,0.0
5920,2,-0.2023
5921,2,0.5106
5922,2,0.9246
5923,2,0.9022
5924,2,-0.6289
5925,2,0.128
5926,2,0.5106
5927,2,0.0
5928,2,0.4184
5929,2,0.5859
5930,2,0.6633
5931,2,-0.3129
5932,2,-0.5095
5933,2,0.4854
5934,2,-0.0531
5935,2,0.5994
5936,2,-0.6249
5937,2,0.6369
5938,2,0.0
5939,2,0.9406
5940,2,0.6933
5941,2,0.5859
5942,2,0.0
5943,2,0.0
5944,2,-0.6808
5945,2,0.8637
5946,2,0.7243
5947,2,-0.3818
5948,2,0.0
5949,2,0.7777
5950,2,0.4019
5951,2,0.4215
5952,2,0.25
5953,2,0.8126
5954,2,0.0772
5955,2,-0.7823
5956,2,-0.6238
5957,2,0.6369
5958,2,0.5423
5959,2,0.765
5960,2,-0.5267
5961,2,0.2144
5962,2,0.1313
5963,2,-0.5267
5964,2,0.0772
5965,2,0.2732
5966,2,-0.871
5967,2,-0.4215
5968,2,-0.8834
5969,2,0.926
5970,2,-0.2263
5971,2,0.2732
5972,2,-0.7835
5973,2,0.0772
5974,2,0.7096
5975,2,0.6229
5976,2,-0.8519
5977,2,-0.5574
5978,2,0.7267
5979,2,0.7269
5980,2,0.5859
5981,2,0.6705
5982,2,0.5106
5983,2,-0.0516
5984,2,0.4767
5985,2,0.128
5986,2,0.0
5987,2,-0.5994
5988,2,0.5255
5989,2,0.7703
5990,2,-0.6705
5991,2,0.5106
5992,2,0.9748
5993,2,0.9042
5994,2,-0.0258
5995,2,0.4215
5996,2,0.6187
5997,2,0.8176
5998,2,0.5859
5999,2,0.0
6000,2,-0.3182
6001,2,-0.9201
6002,2,0.4939
6003,2,-0.1027
6004,2,-0.3612
6005,2,0.5267
6006,2,-0.0258
6007,2,-0.5994
6008,2,-0.8689
6009,2,0.2732
6010,2,0.9468
6011,2,-0.1531
6012,2,0.9078
6013,2,0.2748
6014,2,0.4926
6015,2,-0.0772
6016,2,-0.4588
6017,2,0.0
6018,2,0.717
6019,2,0.0
6020,2,-0.9118
6021,2,0.2177
6022,2,-0.3492
6023,2,0.3612
6024,2,0.2023
6025,2,-0.8807
6026,2,-0.2023
6027,2,0.93
6028,2,0.3818
6029,2,0.6037
6030,2,0.6908
6031,2,0.0
6032,2,-0.4767
6033,2,-0.6705
6034,2,-0.1803
6035,2,0.9681
6036,2,-0.3527
6037,2,0.4215
6038,2,0.296
6039,2,-0.5106
6040,2,0.8519
6041,2,-0.1511
6042,2,0.3612
6043,2,-0.5994
6044,2,0.4019
6045,2,0.4753
6046,2,0.34
6047,2,-0.3612
6048,2,0.0
6049,2,0.0
6050,2,-0.7003
6051,2,0.765
6052,2,0.6705
6053,2,0.3348
6054,2,-0.5838
6055,2,0.0
6056,2,0.7436
6057,2,0.8484
6058,2,0.7667
6059,2,0.7506
6060,2,-0.2263
6061,2,0.0
6062,2,0.8689
6063,2,0.7269
6064,2,0.0
6065,2,0.0382
6066,2,0.6696
6067,2,0.4404
6068,2,0.0
6069,2,0.2732
6070,2,-0.9153
6071,2,0.1027
6072,2,0.0
6073,2,0.5423
6074,2,0.3612
6075,2,0.8016
6076,2,-0.4767
6077,2,0.0
6078,2,0.1531
6079,2,0.0
6080,2,0.8593
6081,2,-0.34
6082,2,0.7269
6083,2,0.2748
6084,2,-0.2023
6085,2,0.8689
6086,2,0.4926
6087,2,0.8479
6088,2,0.8765
6089,2,-0.802
6090,2,-0.0516
6091,2,0.6476
6092,2,0.6486
6093,2,0.765
6094,2,-0.5972
6095,2,-0.1007
6096,2,0.3182
6097,2,0.875
6098,2,-0.3818
6099,2,0.0
6100,2,0.4939
6101,2,-0.6486
6102,2,0.4421
6103,2,0.9153
6104,2,0.9325
6105,2,-0.4588
6106,2,-0.3182
6107,2,0.2714
6108,2,0.0
6109,2,0.5859
6110,2,-0.3506
6111,2,0.9552
6112,2,0.8885
6113,2,-0.3818
6114,2,0.8398
6115,2,0.7269
6116,2,0.7178
6117,2,0.8402
6118,2,0.3612
6119,2,-0.0258
6120,2,0.0
6121,2,0.5106
6122,2,0.7003
6123,2,0.6597
6124,2,0.4404
6125,2,-0.7907
6126,2,0.25
6127,2,0.701
6128,2,0.5318
6129,2,0.8074
6130,2,0.6808
6131,2,0.5267
6132,2,-0.5242
6133,2,0.5909
6134,2,0.6249
6135,2,0.0
6136,2,-0.2263
6137,2,0.5106
6138,2,0.3802
6139,2,0.9654
6140,2,0.8387
6141,2,-0.6705
6142,2,-0.0859
6143,2,-0.2263
6144,2,0.7003
6145,2,-0.6841
6146,2,-0.765
6147,2,-0.9153
6148,2,-0.1027
6149,2,0.8519
6150,2,0.4574
6151,2,0.4215
6152,2,-0.2815
6153,2,-0.3182
6154,2,-0.8834
6155,2,0.0
6156,2,-0.6249
6157,2,0.2648
6158,2,0.0
6159,2,0.0
6160,2,-0.6369
6161,2,0.0
6162,2,-0.6597
6163,2,0.5574
6164,2,0.5719
6165,2,0.7249
6166,2,0.8176
6167,2,0.7263
6168,2,0.6872
6169,2,0.2732
6170,2,-0.923
6171,2,0.7114
6172,2,-0.5083
6173,2,-0.5574
6174,2,-0.7777
6175,2,-0.6597
6176,2,0.5423
6177,2,-0.7351
6178,2,-0.7351
6179,2,0.7946
6180,2,0.128
6181,2,0.3802
6182,2,0.7783
6183,2,-0.6633
6184,2,0.8225
6185,2,0.6808
6186,2,-0.2732
6187,2,0.0
6188,2,0.6597
6189,2,0.5423
6190,2,-0.8481
6191,2,-0.6486
6192,2,-0.7964
6193,2,0.4588
6194,2,0.0
6195,2,-0.128
6196,2,0.8979
6197,2,0.0258
6198,2,-0.4166
6199,2,0.7003
6200,2,-0.9407
6201,2,0.6249
6202,2,0.0
6203,2,0.9042
6204,2,0.9118
6205,2,0.0
6206,2,0.9325
6207,2,-0.7127
6208,2,-0.2263
6209,2,-0.4912
6210,2,0.5267
6211,2,-0.5267
6212,2,-0.3164
6213,2,0.5729
6214,2,0.0
6215,2,-0.5116
6216,2,0.1531
6217,2,0.0
6218,2,0.9136
6219,2,0.0
6220,2,0.0
6221,2,0.3612
6222,2,0.2732
6223,2,-0.1882
6224,2,0.5647
6225,2,0.8957
6226,2,0.3182
6227,2,0.7185
6228,2,0.2846
6229,2,0.5423
6230,2,0.0
6231,2,-0.2977
6232,2,-0.4215
6233,2,-0.1169
6234,2,0.5719
6235,2,-0.4939
6236,2,-0.3612
6237,2,0.5106
6238,2,0.8658
6239,2,0.4278
6240,2,0.0
6241,2,0.2263
6242,2,-0.8225
6243,2,-0.2263
6244,2,0.128
6245,2,0.5369
6246,2,0.0
6247,2,0.9041
6248,2,0.7717
6249,2,0.0
6250,2,-0.9081
6251,2,0.8807
6252,2,-0.5859
6253,2,-0.5574
6254,2,0.0
6255,2,-0.3818
6256,2,0.8555
6257,2,0.9201
6258,2,-0.6705
6259,2,0.8716
6260,2,0.8625
6261,2,0.7245
6262,2,0.802
6263,2,0.5106
6264,2,0.0
6265,2,0.8934
6266,2,0.0
6267,2,0.0
6268,2,-0.9588
6269,2,0.4019
6270,2,0.34
6271,2,0.128
6272,2,0.5088
6273,2,-0.5859
6274,2,-0.9636
6275,2,0.0
6276,2,0.6486
6277,2,0.8221
6278,2,-0.8555
6279,2,0.6915
6280,2,0.4574
6281,2,0.296
6282,2,0.6361
6283,2,-0.6597
6284,2,-0.8042
6285,2,0.886
6286,2,0.836
6287,2,-0.3595
6288,2,0.5229
6289,2,-0.0772
6290,2,-0.2023
6291,2,0.8225
6292,2,-0.8442
6293,2,0.5106
6294,2,0.8706
6295,2,0.7717
6296,2,-0.9041
6297,2,-0.4939
6298,2,0.6808
6299,2,-0.0994
6300,2,0.0382
6301,2,-0.7171
6302,2,-0.872
6303,2,0.836
6304,2,-0.4588
6305,2,0.876
6306,2,0.1007
6307,2,-0.9393
6308,2,0.6988
6309,2,0.3612
6310,2,-0.1982
6311,2,0.3818
6312,2,0.5423
6313,2,0.0
6314,2,0.4019
6315,2,0.0
6316,2,0.3612
6317,2,-0.5693
6318,2,-0.1779
6319,2,0.9136
6320,2,-0.0772
6321,2,0.0
6322,2,0.3612
6323,2,-0.6249
6324,2,0.2732
6325,2,0.0
6326,2,0.7269
6327,2,-0.9557
6328,2,-0.0772
6329,2,-0.0857
6330,2,0.7003
6331,2,0.0
6332,2,0.0772
6333,2,0.5499
6334,2,0.69
6335,2,0.5859
6336,2,0.1531
6337,2,0.1531
6338,2,-0.9313
6339,2,0.2732
6340,2,0.1363
6341,2,0.7783
6342,2,0.5859
6343,2,0.3612
6344,2,-0.6249
6345,2,0.0
6346,2,0.705
6347,2,0.0
6348,2,0.0
6349,2,0.6369
6350,2,0.8107
6351,2,-0.0516
6352,2,0.7269
6353,2,0.0772
6354,2,0.7964
6355,2,0.9571
6356,2,-0.5994
6357,2,0.0
6358,2,0.3818
6359,2,-0.6289
6360,2,-0.7579
6361,2,0.9001
6362,2,0.9607
6363,2,0.4574
6364,2,0.4215
6365,2,-0.3182
6366,2,0.4389
6367,2,-0.5358
6368,2,0.1531
6369,2,0.4588
6370,2,-0.296
6371,2,0.1531
6372,2,-0.6908
6373,2,-0.5719
6374,2,-0.2716
6375,2,-0.4767
6376,2,-0.296
6377,2,-0.25
6378,2,-0.9618
6379,2,0.7579
6380,2,0.7003
6381,2,-0.5719
6382,2,0.0
6383,2,0.7184
6384,2,-0.3818
6385,2,0.0
6386,2,0.9393
6387,2,0.0
6388,2,0.9274
6389,2,0.3612
6390,2,0.1531
6391,2,-0.5574
6392,2,0.6825
6393,2,0.4939
6394,2,0.5859
6395,2,0.1513
6396,2,0.1531
6397,2,-0.8104
6398,2,-0.484
6399,2,0.4215
6400,2,0.1759
6401,2,0.0258
6402,2,0.0
6403,2,0.508
6404,2,0.0
6405,2,0.4767
6406,2,0.0
6407,2,0.5735
6408,2,0.5719
6409,2,0.0
6410,2,0.9042
6411,2,0.3182
6412,2,0.1561
6413,2,0.6369
6414,2,0.4404
6415,2,-0.0387
6416,2,0.993
6417,2,0.7579
6418,2,0.7884
6419,2,0.6124
6420,2,-0.5859
6421,2,0.7713
6422,2,0.3182
6423,2,0.4753
6424,2,0.5994
6425,2,0.5994
6426,2,-0.8711
6427,2,0.0
6428,2,0.5106
6429,2,-0.8934
6430,2,0.9274
6431,2,0.9186
6432,2,-0.4588
6433,2,0.4215
6434,2,-0.5574
6435,2,-0.296
6436,2,0.8074
6437,2,-0.3939
6438,2,0.3612
6439,2,-0.2462
6440,2,0.296
6441,2,0.0
6442,2,-0.2732
6443,2,0.4019
6444,2,0.128
6445,2,-0.7783
6446,2,-0.5574
6447,2,-0.3182
6448,2,0.4588
6449,2,-0.7351
6450,2,0.296
6451,2,0.3802
6452,2,0.7901
6453,2,0.9274
6454,2,0.3182
6455,2,0.2732
6456,2,-0.9313
6457,2,0.3612
6458,2,-0.25
6459,2,0.9371
6460,2,-0.4767
6461,2,0.128
6462,2,0.765
6463,2,0.9925
6464,2,0.7783
6465,2,0.9635
6466,2,0.296
6467,2,-0.7269
6468,2,0.8579
6469,2,0.4939
6470,2,0.3804
6471,2,0.0
6472,2,0.3971
6473,2,0.0
6474,2,0.5023
6475,2,-0.1531
6476,2,0.4939
6477,2,0.0
6478,2,-0.2263
6479,2,0.9874
6480,2,-0.6124
6481,2,0.0
6482,2,0.0
6483,2,0.7579
6484,2,-0.7269
6485,2,-0.128
6486,2,0.9577
6487,2,0.7579
6488,2,0.7717
6489,2,-0.2263
6490,2,0.3182
6491,2,0.0
6492,2,-0.0522
6493,2,0.0
6494,2,0.0
6495,2,0.8934
6496,2,-0.7485
6497,2,0.7579
6498,2,0.0
6499,2,0.9656
6500,2,0.3182
6501,2,0.6369
6502,2,-0.128
6503,2,0.4215
6504,2,0.9286
6505,2,-0.8834
6506,2,-0.8591
6507,2,-0.4767
6508,2,0.3182
6509,2,0.836
6510,2,0.8849
6511,2,-0.915
6512,2,-0.5859
6513,2,-0.4003
6514,2,0.0
6515,2,-0.5627
6516,2,0.0
6517,2,0.765
6518,2,0.0
6519,2,-0.2263
6520,2,0.5994
6521,2,0.7556
6522,2,-0.4927
6523,2,0.0
6524,2,-0.9427
6525,2,-0.3071
6526,2,-0.6249
6527,2,0.9415
6528,2,0.5106
6529,2,0.0
6530,2,-0.7964
6531,2,-0.9127
6532,2,0.875
6533,2,0.3182
6534,2,0.4019
6535,2,-0.2481
6536,2,-0.7159
6537,2,0.795
6538,2,0.3818
6539,2,-0.9001
6540,2,0.4574
6541,2,-0.6237
6542,2,-0.5859
6543,2,0.0
6544,2,0.1779
6545,2,-0.796
6546,2,0.6369
6547,2,-0.6108
6548,2,0.765
6549,2,0.6705
6550,2,0.9543
6551,2,0.7096
6552,2,0.5777
6553,2,0.4019
6554,2,-0.8271
6555,2,-0.4588
6556,2,0.0984
6557,2,0.6361
6558,2,-0.4019
6559,2,-0.2263
6560,2,-0.6597
6561,2,-0.6808
6562,2,-0.8316
6563,2,0.0
6564,2,0.2144
6565,2,0.5719
6566,2,0.5848
6567,2,-0.315
6568,2,-0.7269
6569,2,-0.5574
6570,2,0.0
6571,2,0.2577
6572,2,0.7096
6573,2,0.0
6574,2,-0.8613
6575,2,0.4574
6576,2,0.1027
6577,2,0.7906
6578,2,0.8658
6579,2,0.4939
6580,2,0.6369
6581,2,-0.25
6582,2,-0.8429
6583,2,-0.3384
6584,2,0.9641
6585,2,0.5423
6586,2,-0.8957
6587,2,-0.2732
6588,2,0.6239
6589,2,0.8207
6590,2,0.0
6591,2,0.0
6592,2,0.0
6593,2,0.1027
6594,2,0.7003
6595,2,0.9136
6596,2,0.7506
6597,2,0.872
6598,2,0.8743
6599,2,0.0
6600,2,0.3182
6601,2,0.784
6602,2,0.2846
6603,2,0.0
6604,2,0.4588
6605,2,-0.6486
6606,2,0.9051
6607,2,0.3182
6608,2,0.6873
6609,2,0.128
6610,2,-0.802
6611,2,-0.1779
6612,2,0.5267
6613,2,-0.7506
6614,2,0.0
6615,2,0.5423
6616,2,-0.3612
6617,2,-0.7269
6618,2,-0.5719
6619,2,0.6369
6620,2,0.4215
6621,2,0.4215
6622,2,0.0258
6623,2,0.0
6624,2,-0.4404
6625,2,-0.8658
6626,2,-0.2006
6627,2,0.4404
6628,1,-0.6124
6629,1,0.7639
6630,1,0.3612
6631,1,0.8456
6632,1,0.2905
6633,1,-0.0772
6634,1,0.0
6635,1,-0.6124
6636,1,0.7579
6637,1,0.6908
6638,1,0.2732
6639,1,-0.7253
6640,1,-0.3818
6641,1,0.8658
6642,1,-0.2732
6643,1,-0.5346
6644,1,0.3182
6645,1,0.0
6646,1,0.7579
6647,1,0.4939
6648,1,0.0258
6649,1,-0.8442
6650,1,0.4767
6651,1,0.4215
6652,1,0.0
6653,1,-0.128
6654,1,0.5106
6655,1,0.4939
6656,1,-0.3367
6657,1,0.8555
6658,1,-0.6124
6659,1,-0.802
6660,1,0.5408
6661,1,-0.7506
6662,1,0.9052
6663,1,-0.4767
6664,1,0.4387
6665,1,-0.7574
6666,1,-0.5574
6667,1,-0.3673
6668,1,0.4404
6669,1,-0.2732
6670,1,0.9147
6671,1,-0.8834
6672,1,-0.7263
6673,1,-0.6249
6674,1,0.1027
6675,1,0.7096
6676,1,0.0
6677,1,0.3182
6678,1,0.0
6679,1,0.0
6680,1,-0.6369
6681,1,0.0
6682,1,0.0
6683,1,-0.6705
6684,1,-0.7003
6685,1,0.6908
6686,1,-0.5346
6687,1,0.7269
6688,1,0.0
6689,1,-0.7003
6690,1,-0.5423
6691,1,-0.5927
6692,1,0.6369
6693,1,0.0258
6694,1,0.8807
6695,1,-0.5994
6696,1,-0.9186
6697,1,0.7184
6698,1,0.6745
6699,1,-0.0258
6700,1,-0.8591
6701,1,0.2263
6702,1,0.3182
6703,1,0.0772
6704,1,-0.6249
6705,1,0.3612
6706,1,0.8979
6707,1,-0.594
6708,1,0.7617
6709,1,-0.7568
6710,1,-0.7584
6711,1,-0.4588
6712,1,-0.0865
6713,1,0.4939
6714,1,0.4404
6715,1,0.5848
6716,1,-0.1027
6717,1,0.7346
6718,1,-0.34
6719,1,0.0516
6720,1,-0.9446
6721,1,0.5423
6722,1,-0.1197
6723,1,-0.9162
6724,1,0.7003
6725,1,-0.8538
6726,1,0.8126
6727,1,-0.4062
6728,1,0.7269
6729,1,0.0
6730,1,-0.1531
6731,1,0.0
6732,1,-0.1027
6733,1,0.7561
6734,1,0.0
6735,1,0.4767
6736,1,0.4588
6737,1,0.5413
6738,1,0.0
6739,1,-0.4019
6740,1,0.7906
6741,1,-0.0516
6742,1,-0.8417
6743,1,0.2714
6744,1,0.4588
6745,1,0.3818
6746,1,0.8316
6747,1,0.0
6748,1,0.2732
6749,1,-0.6124
6750,1,0.891
6751,1,0.7927
6752,1,-0.7263
6753,1,-0.7425
6754,1,0.2732
6755,1,-0.5423
6756,1,0.1531
6757,1,0.0516
6758,1,0.0516
6759,1,0.5859
6760,1,-0.7142
6761,1,-0.8689
6762,1,0.8176
6763,1,-0.4588
6764,1,0.3804
6765,1,0.3182
6766,1,-0.6486
6767,1,0.5106
6768,1,-0.6124
6769,1,-0.8176
6770,1,-0.4767
6771,1,0.8126
6772,1,-0.4648
6773,1,0.0
6774,1,0.128
6775,1,0.7579
6776,1,0.802
6777,1,0.7845
6778,1,0.0516
6779,1,0.4867
6780,1,0.6597
6781,1,0.0
6782,1,-0.7964
6783,1,-0.886
6784,1,-0.1027
6785,1,0.3612
6786,1,0.5267
6787,1,-0.5574
6788,1,0.4767
6789,1,-0.0772
6790,1,0.0
6791,1,0.4753
6792,1,-0.8919
6793,1,-0.4019
6794,1,0.5267
6795,1,-0.0258
6796,1,0.0
6797,1,0.0516
6798,1,0.5267
6799,1,-0.8307
6800,1,0.8885
6801,1,0.5773
6802,1,-0.8588
6803,1,-0.8834
6804,1,0.9118
6805,1,-0.5983
6806,1,0.0
6807,1,0.7184
6808,1,0.4019
6809,1,-0.9246
6810,1,0.2023
6811,1,0.8093
6812,1,0.7184
6813,1,0.5859
6814,1,0.6557
6815,1,0.0
6816,1,-0.1027
6817,1,0.0
6818,1,0.8159
6819,1,-0.2732
6820,1,0.0
6821,1,0.0
6822,1,0.0516
6823,1,-0.34
6824,1,0.1263
6825,1,-0.8658
6826,1,0.0
6827,1,-0.5994
6828,1,0.4767
6829,1,-0.5994
6830,1,-0.8402
6831,1,-0.802
6832,1,0.2261
6833,1,0.1531
6834,1,0.7506
6835,1,-0.4588
6836,1,-0.8667
6837,1,0.5574
6838,1,-0.6745
6839,1,-0.7351
6840,1,0.3818
6841,1,0.4019
6842,1,-0.4588
6843,1,-0.3818
6844,1,0.7783
6845,1,0.4767
6846,1,0.0
6847,1,0.5574
6848,1,0.0772
6849,1,0.5106
6850,1,-0.0404
6851,1,0.3818
6852,1,0.0
6853,1,-0.6249
6854,1,0.1842
6855,1,0.0516
6856,1,0.0
6857,1,0.7579
6858,1,-0.7906
6859,1,0.765
6860,1,0.0
6861,1,0.0939
6862,1,0.0
6863,1,0.7351
6864,1,-0.9515
6865,1,-0.7165
6866,1,0.7506
6867,1,-0.8658
6868,1,0.5423
6869,1,0.5994
6870,1,0.8442
6871,1,-0.6115
6872,1,0.128
6873,1,-0.4005
6874,1,0.0
6875,1,0.0
6876,1,0.6542
6877,1,-0.3182
6878,1,0.5106
6879,1,-0.395
6880,1,0.3664
6881,1,-0.4323
6882,1,-0.5719
6883,1,-0.5719
6884,1,-0.657
6885,0,0.0
6886,0,0.0
6887,0,0.8176
6888,0,-0.2579
6889,0,0.7717
6890,0,-0.1531
6891,0,-0.6486
6892,0,-0.128
6893,0,-0.34
6894,0,-0.5093
6895,0,0.296
6896,0,-0.4767
6897,0,0.0
6898,0,-0.7836
6899,0,0.4767
6900,0,-0.296
6901,0,0.8625
6902,0,-0.6883
6903,0,0.6369
6904,0,0.1531
6905,0,0.128
6906,0,0.6597
6907,0,0.25
6908,0,-0.7906
6909,0,-0.5994
6910,0,-0.6412
6911,0,0.5267
6912,0,-0.5994
6913,0,0.6124
6914,0,-0.0516
6915,0,-0.1832
6916,0,-0.34
6917,0,-0.7906
6918,0,-0.9153
6919,0,-0.886
6920,0,0.1027
6921,0,0.1027
6922,0,-0.8126
6923,0,-0.8176
6924,0,-0.9744
6925,0,-0.7506
